,ID,Player,Team,G,GS,MPG,FGP,X3pp,FTP,A_OFF,A_DEF,A_TOT,APG,SPG,BPG,A_TO,A_PF,PPG,MIN,FGM,FGA,X3PM,X3PA,FTM,FTA,OFF,DEF,TOT,AST,STL,BLK,TO,PF,PTS,Region,Salary,kcuti$cluster
5,SW5,Greg Smith,Houston Rockets,11,0,9.1,0.643,0,0.4,1,1.5,2.5,0,0.09,0.18,0.45,1.55,3.5,100,18,28,0,0,2,5,11,16,27,0,1,2,5,17,38,SW,"$884,293 ",1
6,SW6,Isaiah Canaan,Houston Rockets,17,0,8.9,0.321,0.323,0.826,0.2,0.8,1,0.6,0.29,0.06,0.88,0.94,3.7,152,17,53,10,31,19,23,4,13,17,10,5,1,15,16,63,SW,"$570,515 ",1
9,SW9,Jordan Hamilton,Houston Rockets,17,1,16.1,0.385,0.34,0.889,0.4,2.6,2.9,0.8,0.59,0.35,1,1.82,6.4,274,37,96,18,53,16,18,6,44,50,13,10,6,17,31,108,SW,"$1,234,320 ",1
14,SW14,Robert Covington,Houston Rockets,5,0,3.8,0.444,0.375,0,0.2,0.2,0.4,0,0.2,0,0,0.4,2.2,19,4,9,3,8,0,0,1,1,2,0,1,0,0,2,11,SW,"$490,180 ",1
16,SW16,Troy Daniels,Houston Rockets,2,0,3.5,0.5,0.333,0,0,0,0,0,0,0,0,0.5,2.5,7,2,4,1,3,0,0,0,0,0,0,0,0,0,1,5,SW,"$158,587 ",1
17,SW17,Beno Udrih,Memphis Grizzlies,7,0,5.3,0.5,1,0.833,0,0.3,0.3,0.4,0.14,0.14,0.57,0.57,2.4,37,5,10,2,2,5,6,0,2,2,3,1,1,4,4,17,SW,"$359,232 ",1
22,SW22,Jamaal Franklin,Memphis Grizzlies,19,0,7.9,0.343,0.333,1,0.2,0.9,1.1,0.3,0.21,0.11,0.53,1.16,1.5,151,12,35,3,9,2,2,4,17,21,6,4,2,10,22,29,SW,"$535,000 ",1
30,SW30,Quincy Pondexter,Memphis Grizzlies,15,2,18,0.392,0.324,0.808,0.7,1.1,1.7,1.3,0.33,0.07,1,1.2,6.3,270,31,79,11,34,21,26,10,16,26,20,5,1,15,18,94,SW,"$2,225,478 ",1
40,SW40,Darius Miller,New Orleans Pelicans,39,1,13.7,0.43,0.31,0.774,0.2,0.9,1.1,0.7,0.31,0.21,0.41,1.79,3.6,536,49,114,18,58,24,31,6,37,43,27,12,8,16,70,140,SW,"$788,872 ",1
43,SW43,Jason Smith,New Orleans Pelicans,31,27,26.8,0.465,0,0.78,1.6,4.2,5.8,0.9,0.35,0.94,0.9,3.23,9.7,830,131,282,0,0,39,50,51,130,181,29,11,29,28,100,301,SW,"$2,500,000 ",1
46,SW46,Luke Babbitt,New Orleans Pelicans,22,1,15.9,0.361,0.342,0.75,0.6,2.2,2.8,0.8,0.23,0.45,0.5,1.86,5,349,39,108,25,73,6,8,13,48,61,18,5,10,11,41,109,SW,"$387,995 ",1
47,SW47,Ryan Anderson,New Orleans Pelicans,22,14,36.1,0.438,0.409,0.952,3,3.5,6.5,0.8,0.45,0.32,0.91,2.14,19.8,795,155,354,67,164,59,62,66,76,142,17,10,7,20,47,436,SW,"$8,308,500 ",1
50,SW50,Austin Daye,San Antonio Spurs,8,0,8.8,0.467,0.611,0,0,1.6,1.6,0.5,0.25,0.38,0.25,0.75,4.9,70,14,30,11,18,0,1,0,13,13,4,2,3,2,6,39,SW,"$947,907 ",1
51,SW51,Austin Daye (TOT),San Antonio Spurs,16,0,6.4,0.395,0.423,0.5,0.1,1.1,1.3,0.4,0.13,0.19,0.13,0,2.9,103,17,43,11,26,2,4,2,18,20,6,2,3,2,10,47,SW,"$947,907 ",1
54,SW54,Damion James,San Antonio Spurs,1,0,5,0,0,0,0,2,2,0,0,0,0,0,0,5,0,1,0,0,0,0,0,2,2,0,0,0,0,0,0,SW,"$1,243,000 ",1
71,SW71,Devin Harris,Dallas Mavericks,35,0,20,0.386,0.337,0.81,0.2,1.9,2.1,4.1,0.54,0.03,1.4,1.9,8.1,700,2.5,6.4,0.8,2.4,2.3,2.9,7,0,42,2,0,0,0,4,17,SW,"$1,272,279 ",1
77,SW77,Gal Mekel,Dallas Mavericks,31,1,9.4,0.349,0.25,0.67,0.2,0.7,0.9,2,0.13,0.03,1,1,2.4,291,1,2.8,0.2,0.6,0.3,0.4,6,1,8,1,0,0,0,1,2,SW,"$490,180 ",1
78,SW78,Ricky Ledo,Dallas Mavericks,11,0,3,0.353,0.375,1,0,0.2,0.2,0.2,0.09,0,0.2,0.2,1.7,33,0.5,1.5,0.3,0.7,0.4,0.4,0,0,1,0,0,0,0,0,0,SW,"$550,000 ",1
79,SW79,Bernard James,Dallas Mavericks,29,0,5,0.478,0,0.55,0.5,0.9,1.4,0.1,0.1,0.28,0.3,0.8,1,145,0.4,0.8,0,0,0.2,0.4,15,0,7,0,0,0,0,1,1,SW,"$788,872 ",1
12,SW12,Omri Casspi,Houston Rockets,65,0,18.1,0.423,0.349,0.667,0.8,2.8,3.6,1.2,0.65,0.22,1.02,1.46,7,1174,160,378,58,166,78,117,52,179,231,81,42,14,66,95,456,SW,"$947,907 ",2
15,SW15,Terrence Jones,Houston Rockets,69,64,27.3,0.54,0.302,0.586,2.1,4.9,7,1.1,0.65,1.28,0.94,1.83,11.7,1885,339,628,29,96,99,169,142,341,483,77,45,88,65,126,806,SW,"$1,551,840 ",2
20,SW20,Courtney Lee (TOT),Memphis Grizzlies,73,41,24.8,0.49,0.378,0.874,0.4,2.1,2.4,1.4,0.88,0.34,0.82,0,9.7,1808,277,565,65,172,90,103,26,152,178,104,64,25,60,120,709,SW,"$5,225,000 ",2
25,SW25,Kosta Koufos,Memphis Grizzlies,75,22,17.3,0.5,0,0.629,2,3.3,5.4,0.5,0.41,0.88,0.85,2.39,6.6,1298,219,438,0,0,56,89,153,251,404,35,31,66,64,179,494,SW,"$3,000,000 ",2
26,SW26,Marc Gasol,Memphis Grizzlies,53,53,33,0.462,0.111,0.783,1.4,5.4,6.8,3.6,0.96,1.34,1.91,2.6,14.3,1750,293,634,1,9,170,217,74,288,362,189,51,71,101,138,757,SW,"$14,860,523 ",2
28,SW28,Mike Miller,Memphis Grizzlies,76,4,20.9,0.472,0.45,0.821,0.4,2.2,2.5,1.6,0.32,0.07,0.88,1.22,6.9,1589,191,405,95,211,46,56,27,166,193,121,24,5,67,93,523,SW,"$1,399,507 ",2
29,SW29,Nick Calathes,Memphis Grizzlies,65,7,16.7,0.462,0.321,0.603,0.3,1.6,2,3,0.92,0.12,1.43,1.63,5,1086,134,290,18,56,38,63,20,107,127,195,60,8,93,106,324,SW,"$490,180 ",2
32,SW32,Tony Allen,Memphis Grizzlies,49,27,23.7,0.497,0.282,0.636,1.4,2.4,3.8,1.7,1.63,0.37,1.65,2.22,9,1161,181,364,11,39,68,107,68,117,185,81,80,18,81,109,441,SW,"$5,000,000 ",2
35,SW35,Al-Farouq Aminu,New Orleans Pelicans,74,64,26,0.482,0.273,0.649,1.6,4.7,6.3,1.4,1.09,0.5,1.07,1.89,7.4,1922,224,465,12,44,85,131,117,349,466,107,81,37,79,140,545,SW,"$3,700,000 ",2
36,SW36,Anthony Davis,New Orleans Pelicans,66,65,35.2,0.523,0.222,0.789,3.1,7,10.1,1.6,1.35,2.8,1.65,2.98,20.9,2324,516,987,2,9,345,437,207,461,668,104,89,185,109,197,1379,SW,"$5,375,760 ",2
38,SW38,Austin Rivers,New Orleans Pelicans,63,0,18.1,0.401,0.321,0.638,0.4,1.2,1.6,2.1,0.62,0.13,1.1,1.92,7,1141,160,399,27,84,95,149,25,74,99,130,39,8,69,121,442,SW,"$2,339,040 ",2
39,SW39,Brian Roberts,New Orleans Pelicans,68,40,23.5,0.43,0.376,0.952,0.2,1.6,1.9,3.3,0.6,0.1,1.32,1.88,9.7,1599,237,551,64,170,119,125,14,112,126,227,41,7,90,128,657,SW,"$788,872 ",2
45,SW45,Jrue Holiday,New Orleans Pelicans,34,34,33.6,0.447,0.39,0.81,0.8,3.4,4.2,7.9,1.65,0.35,3.09,2.71,14.3,1143,203,454,30,77,51,63,28,114,142,268,56,12,105,92,487,SW,"$11,000,000 ",2
52,SW52,Boris Diaw,San Antonio Spurs,73,23,25.2,0.536,0.396,0.733,0.9,3.1,4.1,2.7,0.55,0.44,1.52,1.74,9.3,1837,287,535,42,106,66,90,68,228,296,200,40,32,111,127,682,SW,"$4,702,500 ",2
55,SW55,Danny Green,San Antonio Spurs,63,54,24.3,0.427,0.415,0.833,0.3,3,3.3,1.5,0.97,0.92,1.16,1.57,8.7,1528,193,452,117,282,45,54,22,188,210,96,61,58,73,99,548,SW,"$3,762,500 ",2
56,SW56,Jeff Ayres,San Antonio Spurs,67,10,12.8,0.578,0,0.688,1.2,2.3,3.4,0.8,0.18,0.28,0.9,1.99,3.1,857,89,154,0,0,33,48,78,152,230,56,12,19,60,133,211,SW,"$1,750,000 ",2
57,SW57,Kawhi Leonard,San Antonio Spurs,61,60,29,0.517,0.374,0.803,1.1,5,6.2,1.9,1.75,0.77,1.26,1.92,12.4,1771,302,584,61,163,94,117,69,308,377,114,107,47,77,117,759,SW,"$1,991,760 ",2
59,SW59,Marco Belinelli,San Antonio Spurs,75,24,25.2,0.495,0.441,0.846,0.2,2.7,2.9,2.3,0.63,0.09,1.19,1.6,11.6,1890,324,655,120,272,99,117,17,202,219,169,47,7,89,120,867,SW,"$2,750,000 ",2
61,SW61,Patty Mills,San Antonio Spurs,76,1,18.5,0.469,0.422,0.885,0.4,1.6,2,1.8,0.87,0.12,0.79,1.42,10.1,1407,287,612,124,294,69,78,34,121,155,134,66,9,60,108,767,SW,"$1,133,950 ",2
62,SW62,Tiago Splitter,San Antonio Spurs,54,46,21.6,0.534,0,0.696,2.1,4.1,6.2,1.6,0.52,0.54,1.28,2,8.4,1169,167,313,0,1,117,168,113,224,337,84,28,29,69,108,451,SW,"$10,000,000 ",2
1,SW1,Chandler Parsons,Houston Rockets,69,69,37.7,0.47,0.369,0.746,0.9,4.7,5.6,3.9,1.14,0.39,1.96,2.26,16.3,2604,430,914,118,320,150,201,62,324,386,272,79,27,135,156,"1,128",SW,"$926,500 ",3
3,SW3,Dwight Howard,Houston Rockets,68,68,34,0.59,0.333,0.548,3.3,9,12.3,1.8,0.87,1.81,3.28,3.4,18.5,2310,458,776,2,6,339,619,226,613,839,125,59,123,223,231,"1,257",SW,"$20,513,178 ",3
7,SW7,James Harden,Houston Rockets,67,67,38.1,0.459,0.368,0.861,0.9,3.9,4.8,5.8,1.51,0.42,3.7,2.39,25.3,2552,508,1106,164,446,514,597,58,261,319,386,101,28,248,160,1694,SW,"$13,668,750 ",3
8,SW8,Jeremy Lin,Houston Rockets,65,29,29.2,0.441,0.341,0.815,0.4,2.2,2.6,4.2,0.89,0.4,2.49,2.26,12.4,1895,267,606,71,208,202,248,28,144,172,272,58,26,162,147,807,SW,"$5,225,000 ",3
27,SW27,Mike Conley,Memphis Grizzlies,67,67,33.4,0.441,0.357,0.83,0.6,2.3,2.9,6,1.51,0.19,2.07,1.93,17.2,2237,422,957,96,269,210,253,39,156,195,400,101,13,139,129,1150,SW,"$7,900,000 ",3
33,SW33,Zach Randolph,Memphis Grizzlies,73,73,34.2,0.462,0.056,0.743,3.3,6.8,10.1,2.6,0.64,0.27,2.27,2.64,17.3,2494,511,1107,1,18,237,319,242,496,738,187,47,20,166,193,1260,SW,"$17,800,000 ",3
41,SW41,Eric Gordon,New Orleans Pelicans,64,64,32.1,0.436,0.391,0.785,0.5,2.1,2.6,3.3,1.16,0.19,2.09,1.78,15.4,2057,356,817,101,258,175,223,30,135,165,208,74,12,134,114,988,SW,"$14,283,844 ",3
48,SW48,Tyreke Evans,New Orleans Pelicans,67,17,27.9,0.43,0.205,0.777,1,3.6,4.7,4.9,1.19,0.3,2.45,2.19,14.1,1866,353,820,17,83,220,283,68,244,312,328,80,20,164,147,943,SW,"$11,796,247 ",3
58,SW58,Manu Ginobili,San Antonio Spurs,63,3,22.8,0.467,0.343,0.848,0.5,2.5,3,4.4,1.05,0.25,2.03,1.9,12.3,1437,271,580,82,239,151,178,30,160,190,275,66,16,128,120,775,SW,"$7,000,000 ",3
63,SW63,Tim Duncan,San Antonio Spurs,70,70,29.2,0.491,0,0.73,2.1,7.7,9.8,3.1,0.57,1.9,2.13,1.81,15.2,2041,424,863,0,5,216,296,145,541,686,214,40,133,149,127,1064,SW,"$10,361,446 ",3
64,SW64,Tony Parker,San Antonio Spurs,64,64,30,0.497,0.379,0.806,0.3,2,2.3,5.9,0.5,0.14,2.34,1.31,16.9,1922,434,873,25,66,191,237,17,130,147,379,32,9,150,84,1084,SW,"$12,500,000 ",3
2,SW2,Donatas Motiejunas,Houston Rockets,55,3,15.1,0.462,0.26,0.608,0.9,2.5,3.4,0.6,0.33,0.33,0.76,2.2,5.5,831,117,253,20,77,48,79,47,139,186,32,18,18,42,121,302,SW,"$1,422,720 ",4
4,SW4,Francisco Garcia,Houston Rockets,50,4,19.4,0.41,0.37,0.588,0.4,1.8,2.2,1.1,0.54,0.6,0.56,2.1,5.8,972,107,261,67,181,10,17,19,89,108,57,27,30,28,105,291,SW,"$1,265,977 ",4
10,SW10,Jordan Hamilton (TOT),Houston Rockets,56,12,16.9,0.389,0.346,0.796,0.5,2.8,3.3,0.8,0.73,0.34,0.79,0,6.7,944,136,350,63,182,39,49,29,154,183,47,41,19,44,62,374,SW,"$1,234,320 ",4
11,SW11,Omer Asik,Houston Rockets,42,15,19.5,0.517,0,0.598,2,5.1,7.1,0.5,0.21,0.64,1.17,1.88,5.1,817,78,151,0,0,58,97,84,213,297,23,9,27,49,79,214,SW,"$5,225,000 ",4
13,SW13,Patrick Beverley,Houston Rockets,53,52,31.3,0.407,0.357,0.804,1.3,2.2,3.6,2.7,1.4,0.42,1.11,3.11,9.9,1659,184,452,85,238,74,92,71,119,190,143,74,22,59,165,527,SW,"$788,872 ",4
18,SW18,Beno Udrih (TOT),Memphis Grizzlies,38,12,16.4,0.429,0.452,0.833,0.3,1.3,1.6,3,0.61,0.11,1.21,0,5,624,73,170,19,42,25,30,10,49,59,113,23,4,46,50,190,SW,"$359,232 ",4
19,SW19,Courtney Lee,Memphis Grizzlies,43,41,30.3,0.49,0.35,0.889,0.4,2.6,3,1.7,1.02,0.37,0.81,1.93,11.3,1304,187,382,42,120,72,81,18,111,129,72,44,16,35,83,488,SW,"$5,225,000 ",4
21,SW21,Ed Davis,Memphis Grizzlies,57,4,15.3,0.541,0,0.544,1.4,2.7,4.2,0.4,0.28,0.68,0.61,1.82,5.9,871,146,270,0,0,43,79,82,155,237,25,16,39,35,104,335,SW,"$3,153,860 ",4
23,SW23,James Johnson,Memphis Grizzlies,48,2,18.2,0.461,0.25,0.838,1.1,2,3.1,2.1,0.85,1.1,1.27,1.96,7.3,874,131,284,20,80,67,80,55,96,151,103,41,53,61,94,349,SW,"$507,409 ",4
24,SW24,Jon Leuer,Memphis Grizzlies,47,0,13.4,0.498,0.489,0.787,0.8,2.5,3.3,0.4,0.36,0.28,0.57,1.3,6.4,628,120,241,23,47,37,47,36,118,154,20,17,13,27,61,300,SW,"$900,000 ",4
31,SW31,Tayshaun Prince,Memphis Grizzlies,73,73,25.7,0.407,0.288,0.552,0.4,2.6,3,1.6,0.52,0.25,0.53,0.84,6,1873,193,474,19,66,32,58,29,187,216,114,38,18,39,61,437,SW,"$7,235,955 ",4
34,SW34,Alexis Ajinca,New Orleans Pelicans,51,27,16.5,0.539,0,0.818,1.6,3.3,4.9,0.7,0.37,0.76,1.12,3.25,5.2,839,110,204,0,1,45,55,82,167,249,36,19,39,57,166,265,SW,"$635,880 ",4
37,SW37,Anthony Morrow,New Orleans Pelicans,70,8,17.7,0.459,0.46,0.816,0.4,1.3,1.7,0.6,0.44,0.14,0.6,1.34,8,1240,208,453,80,174,62,76,25,94,119,44,31,10,42,94,558,SW,"$1,027,424 ",4
42,SW42,Greg Stiemsma,New Orleans Pelicans,52,17,18,0.595,0,0.6,1.3,2.7,4.1,0.7,0.58,1.02,0.83,3.12,2.9,937,66,111,0,0,18,30,70,141,211,34,30,53,43,162,150,SW,"$2,676,000 ",4
49,SW49,Aron Baynes,San Antonio Spurs,50,2,9,0.438,0,0.905,1.1,1.7,2.8,0.7,0.04,0.1,0.7,1.4,3.1,451,67,153,0,0,19,21,53,85,138,33,2,5,35,70,153,SW,"$788,872 ",4
53,SW53,Cory Joseph,San Antonio Spurs,62,18,13.6,0.464,0.333,0.84,0.5,1.1,1.6,1.6,0.48,0.23,0.63,1.19,4.8,843,108,233,12,36,68,81,31,67,98,99,30,14,39,74,296,SW,"$1,182,600 ",4
44,SW44,Jeff Withey,New Orleans Pelicans,52,1,10.8,0.554,0,0.724,0.8,1.7,2.5,0.4,0.27,0.75,0.35,1.21,2.8,561,51,92,0,1,42,58,41,87,128,21,14,39,18,63,144,SW,"$490,180 ",5
60,SW60,Matt Bonner,San Antonio Spurs,57,0,11.1,0.445,0.418,0.75,0.3,1.8,2.1,0.5,0.26,0.18,0.28,0.81,3.1,634,65,146,38,91,9,12,15,103,118,28,15,10,16,46,177,SW,"$3,945,000 ",5
65,SW65,Dirk Nowitzki,Dallas Mavericks,75,75,32.6,0.495,0.397,0.9,0.5,5.8,6.3,2.7,0.93,0.52,1.5,2.1,21.7,2445,7.9,15.9,1.6,4.1,4.3,4.8,38,435,205,1,0,0,1,12,137,SW,"$22,721,381 ",5
66,SW66,Monta Ellis,Dallas Mavericks,77,77,36.6,0.448,0.318,0.79,0.5,3.1,3.5,5.8,1.75,0.29,3.2,2.5,18.7,2818,6.8,15.3,0.8,2.5,4.2,5.4,39,239,128,3,1,0,2,8,65,SW,"$8,360,000 ",5
67,SW67,Vince Carter,Dallas Mavericks,76,0,24.4,0.408,0.394,0.83,0.9,2.7,3.5,2.7,0.75,0.43,1.3,2.5,12,1854,4.1,10,1.8,4.5,2.1,2.5,68,0,85,1,0,0,1,7,42,SW,"$3,180,000 ",5
68,SW68,Jose Calderon,Dallas Mavericks,76,76,30.7,0.455,0.452,0.84,0.4,2,2.4,4.8,0.88,0.13,1.3,1.7,11.6,2333,4.3,9.3,2.4,5.4,0.6,0.8,30,152,74,2,0,0,1,3,28,SW,"$6,791,570 ",5
69,SW69,Shawn Marion,Dallas Mavericks,71,71,31.6,0.48,0.345,0.81,1.7,4.9,6.6,1.7,1.17,0.46,1.2,1.7,10.5,2244,4.5,9.5,0.7,2.1,0.7,0.9,121,348,209,1,0,0,2,8,69,SW,"$9,316,796 ",5
70,SW70,Brandan Wright,Dallas Mavericks,53,0,18.6,0.685,0,0.72,1.7,2.5,4.2,0.6,0.58,0.98,0.6,1.6,9.3,986,3.9,5.8,0,0,1.4,2,90,0,78,0,0,1,1,4,39,SW,"$5,000,000 ",5
72,SW72,Samuel Dalembert,Dallas Mavericks,75,63,20.2,0.572,0,0.73,2.5,4.2,6.7,0.5,0.53,1.19,1.1,2.6,6.7,1515,2.7,4.7,0,0,1.3,1.8,188,265,135,0,0,1,3,11,45,SW,"$3,700,748 ",5
73,SW73,DeJuan Blair,Dallas Mavericks,74,13,15.7,0.535,0,0.64,1.7,3,4.7,0.9,0.78,0.27,1,2.5,6.4,1162,2.7,5.1,0,0,1,1.5,126,39,74,0,0,0,2,8,30,SW,"$941,000 ",5
74,SW74,Jae Crowder,Dallas Mavericks,73,8,16.5,0.445,0.336,0.75,0.6,2,2.5,0.8,0.78,0.29,0.6,1.3,4.9,1205,1.8,4,0.7,2,0.6,0.8,44,16,41,0,0,0,0,3,12,SW,"$788,872 ",5
75,SW75,Wayne Ellington,Dallas Mavericks,42,1,9.2,0.432,0.424,0.91,0.2,0.8,1,0.5,0.38,0.05,0.3,0.8,3.4,386,1.3,3,0.6,1.4,0.2,0.3,8,1,9,0,0,0,0,1,3,SW,"$2,500,000 ",5
76,SW76,Shane Larkin,Dallas Mavericks,45,0,10.7,0.373,0.297,0.64,0.2,0.7,0.9,1.6,0.58,0.02,0.9,1,2.8,482,1.1,3,0.2,0.8,0.4,0.6,9,0,10,1,0,0,0,1,3,SW,"$1,536,960 ",5
,,,,,,,,,,,,,,,,,,,,,,,,,,,,,,,,,,,,,
,,,,,,,,,,,,,,,,,,,,,,,,,,,,,,,,,,,,,
,,,,Row Labels,Average of G,Average of FGP,Average of APG,Sum of TO/100Min,,,,,,,,,,,,,,,,,,,,,,,,,,,,,
,,,,1,17.78947368,40.26%,0.732,2.98,,,,,,,,,,,,,,,,,,,,,,,,,,,,,
,,,,Austin Daye,8,46.70%,0.5,2.86,,,,,,,,,,,,,,,,,,,,,,,,,,,,,
,,,,Austin Daye (TOT),16,39.50%,0.4,1.94,,,,,,,,,,,,,,,,,,,,,,,,,,,,,
,,,,Beno Udrih,7,50.00%,0.4,10.81,,,,,,,,,,,,,,,,,,,,,,,,,,,,,
,,,,Bernard James,29,47.80%,0.1,0.00,,,,,,,,,,,,,,,,,,,,,,,,,,,,,
,,,,Damion James,1,0.00%,0,0.00,,,,,,,,,,,,,,,,,,,,,,,,,,,,,
,,,,Darius Miller,39,43.00%,0.7,2.99,,,,,,,,,,,,,,,,,,,,,,,,,,,,,
,,,,Devin Harris,35,38.60%,4.1,0.00,,,,,,,,,,,,,,,,,,,,,,,,,,,,,
,,,,Gal Mekel,31,34.90%,2,0.00,,,,,,,,,,,,,,,,,,,,,,,,,,,,,
,,,,Greg Smith,11,64.30%,0,5.00,,,,,,,,,,,,,,,,,,,,,,,,,,,,,
,,,,Isaiah Canaan,17,32.10%,0.6,9.87,,,,,,,,,,,,,,,,,,,,,,,,,,,,,
,,,,Jamaal Franklin,19,34.30%,0.3,6.62,,,,,,,,,,,,,,,,,,,,,,,,,,,,,
,,,,Jason Smith,31,46.50%,0.9,3.37,,,,,,,,,,,,,,,,,,,,,,,,,,,,,
,,,,Jordan Hamilton,17,38.50%,0.8,6.20,,,,,,,,,,,,,,,,,,,,,,,,,,,,,
,,,,Luke Babbitt,22,36.10%,0.8,3.15,,,,,,,,,,,,,,,,,,,,,,,,,,,,,
,,,,Quincy Pondexter,15,39.20%,1.3,5.56,,,,,,,,,,,,,,,,,,,,,,,,,,,,,
,,,,Ricky Ledo,11,35.30%,0.2,0.00,,,,,,,,,,,,,,,,,,,,,,,,,,,,,
,,,,Robert Covington,5,44.40%,0,0.00,,,,,,,,,,,,,,,,,,,,,,,,,,,,,
,,,,Ryan Anderson,22,43.80%,0.8,2.52,,,,,,,,,,,,,,,,,,,,,,,,,,,,,
,,,,Troy Daniels,2,50.00%,0,0.00,,,,,,,,,,,,,,,,,,,,,,,,,,,,,
,,,,2,64.95,48.43%,2.15,5.23,,,,,,,,,,,,,,,,,,,,,,,,,,,,,
,,,,Al-Farouq Aminu,74,48.20%,1.4,4.11,,,,,,,,,,,,,,,,,,,,,,,,,,,,,
,,,,Anthony Davis,66,52.30%,1.6,4.69,,,,,,,,,,,,,,,,,,,,,,,,,,,,,
,,,,Austin Rivers,63,40.10%,2.1,6.05,,,,,,,,,,,,,,,,,,,,,,,,,,,,,
,,,,Boris Diaw,73,53.60%,2.7,6.04,,,,,,,,,,,,,,,,,,,,,,,,,,,,,
,,,,Brian Roberts,68,43.00%,3.3,5.63,,,,,,,,,,,,,,,,,,,,,,,,,,,,,
,,,,Courtney Lee (TOT),73,49.00%,1.4,3.32,,,,,,,,,,,,,,,,,,,,,,,,,,,,,
,,,,Danny Green,63,42.70%,1.5,4.78,,,,,,,,,,,,,,,,,,,,,,,,,,,,,
,,,,Jeff Ayres,67,57.80%,0.8,7.00,,,,,,,,,,,,,,,,,,,,,,,,,,,,,
,,,,Jrue Holiday,34,44.70%,7.9,9.19,,,,,,,,,,,,,,,,,,,,,,,,,,,,,
,,,,Kawhi Leonard,61,51.70%,1.9,4.35,,,,,,,,,,,,,,,,,,,,,,,,,,,,,
,,,,Kosta Koufos,75,50.00%,0.5,4.93,,,,,,,,,,,,,,,,,,,,,,,,,,,,,
,,,,Marc Gasol,53,46.20%,3.6,5.77,,,,,,,,,,,,,,,,,,,,,,,,,,,,,
,,,,Marco Belinelli,75,49.50%,2.3,4.71,,,,,,,,,,,,,,,,,,,,,,,,,,,,,
,,,,Mike Miller,76,47.20%,1.6,4.22,,,,,,,,,,,,,,,,,,,,,,,,,,,,,
,,,,Nick Calathes,65,46.20%,3,8.56,,,,,,,,,,,,,,,,,,,,,,,,,,,,,
,,,,Omri Casspi,65,42.30%,1.2,5.62,,,,,,,,,,,,,,,,,,,,,,,,,,,,,
,,,,Patty Mills,76,46.90%,1.8,4.26,,,,,,,,,,,,,,,,,,,,,,,,,,,,,
,,,,Terrence Jones,69,54.00%,1.1,3.45,,,,,,,,,,,,,,,,,,,,,,,,,,,,,
,,,,Tiago Splitter,54,53.40%,1.6,5.90,,,,,,,,,,,,,,,,,,,,,,,,,,,,,
,,,,Tony Allen,49,49.70%,1.7,6.98,,,,,,,,,,,,,,,,,,,,,,,,,,,,,
,,,,3,67,47.13%,4.172727273,7.68,,,,,,,,,,,,,,,,,,,,,,,,,,,,,
,,,,Chandler Parsons,69,47.00%,3.9,5.18,,,,,,,,,,,,,,,,,,,,,,,,,,,,,
,,,,Dwight Howard,68,59.00%,1.8,9.65,,,,,,,,,,,,,,,,,,,,,,,,,,,,,
,,,,Eric Gordon,64,43.60%,3.3,6.51,,,,,,,,,,,,,,,,,,,,,,,,,,,,,
,,,,James Harden,67,45.90%,5.8,9.72,,,,,,,,,,,,,,,,,,,,,,,,,,,,,
,,,,Jeremy Lin,65,44.10%,4.2,8.55,,,,,,,,,,,,,,,,,,,,,,,,,,,,,
,,,,Manu Ginobili,63,46.70%,4.4,8.91,,,,,,,,,,,,,,,,,,,,,,,,,,,,,
,,,,Mike Conley,67,44.10%,6,6.21,,,,,,,,,,,,,,,,,,,,,,,,,,,,,
,,,,Tim Duncan,70,49.10%,3.1,7.30,,,,,,,,,,,,,,,,,,,,,,,,,,,,,
,,,,Tony Parker,64,49.70%,5.9,7.80,,,,,,,,,,,,,,,,,,,,,,,,,,,,,
,,,,Tyreke Evans,67,43.00%,4.9,8.79,,,,,,,,,,,,,,,,,,,,,,,,,,,,,
,,,,Zach Randolph,73,46.20%,2.6,6.66,,,,,,,,,,,,,,,,,,,,,,,,,,,,,
,,,,4,52.9375,46.91%,1.2,4.34,,,,,,,,,,,,,,,,,,,,,,,,,,,,,
,,,,Alexis Ajinca,51,53.90%,0.7,6.79,,,,,,,,,,,,,,,,,,,,,,,,,,,,,
,,,,Anthony Morrow,70,45.90%,0.6,3.39,,,,,,,,,,,,,,,,,,,,,,,,,,,,,
,,,,Aron Baynes,50,43.80%,0.7,7.76,,,,,,,,,,,,,,,,,,,,,,,,,,,,,
,,,,Beno Udrih (TOT),38,42.90%,3,7.37,,,,,,,,,,,,,,,,,,,,,,,,,,,,,
,,,,Cory Joseph,62,46.40%,1.6,4.63,,,,,,,,,,,,,,,,,,,,,,,,,,,,,
,,,,Courtney Lee,43,49.00%,1.7,2.68,,,,,,,,,,,,,,,,,,,,,,,,,,,,,
,,,,Donatas Motiejunas,55,46.20%,0.6,5.05,,,,,,,,,,,,,,,,,,,,,,,,,,,,,
,,,,Ed Davis,57,54.10%,0.4,4.02,,,,,,,,,,,,,,,,,,,,,,,,,,,,,
,,,,Francisco Garcia,50,41.00%,1.1,2.88,,,,,,,,,,,,,,,,,,,,,,,,,,,,,
,,,,Greg Stiemsma,52,59.50%,0.7,4.59,,,,,,,,,,,,,,,,,,,,,,,,,,,,,
,,,,James Johnson,48,46.10%,2.1,6.98,,,,,,,,,,,,,,,,,,,,,,,,,,,,,
,,,,Jon Leuer,47,49.80%,0.4,4.30,,,,,,,,,,,,,,,,,,,,,,,,,,,,,
,,,,Jordan Hamilton (TOT),56,38.90%,0.8,4.66,,,,,,,,,,,,,,,,,,,,,,,,,,,,,
,,,,Omer Asik,42,51.70%,0.5,6.00,,,,,,,,,,,,,,,,,,,,,,,,,,,,,
,,,,Patrick Beverley,53,40.70%,2.7,3.56,,,,,,,,,,,,,,,,,,,,,,,,,,,,,
,,,,Tayshaun Prince,73,40.70%,1.6,2.08,,,,,,,,,,,,,,,,,,,,,,,,,,,,,
,,,,5,65.07692308,48.67%,1.807692308,0.25,,,,,,,,,,,,,,,,,,,,,,,,,,,,,
,,,,Brandan Wright,53,68.50%,0.6,0.10,,,,,,,,,,,,,,,,,,,,,,,,,,,,,
,,,,DeJuan Blair,74,53.50%,0.9,0.17,,,,,,,,,,,,,,,,,,,,,,,,,,,,,
,,,,Dirk Nowitzki,75,49.50%,2.7,0.04,,,,,,,,,,,,,,,,,,,,,,,,,,,,,
,,,,Jae Crowder,73,44.50%,0.8,0.00,,,,,,,,,,,,,,,,,,,,,,,,,,,,,
,,,,Jeff Withey,52,55.40%,0.4,3.21,,,,,,,,,,,,,,,,,,,,,,,,,,,,,
,,,,Jose Calderon,76,45.50%,4.8,0.04,,,,,,,,,,,,,,,,,,,,,,,,,,,,,
,,,,Matt Bonner,57,44.50%,0.5,2.52,,,,,,,,,,,,,,,,,,,,,,,,,,,,,
,,,,Monta Ellis,77,44.80%,5.8,0.07,,,,,,,,,,,,,,,,,,,,,,,,,,,,,
,,,,Samuel Dalembert,75,57.20%,0.5,0.20,,,,,,,,,,,,,,,,,,,,,,,,,,,,,
,,,,Shane Larkin,45,37.30%,1.6,0.00,,,,,,,,,,,,,,,,,,,,,,,,,,,,,
,,,,Shawn Marion,71,48.00%,1.7,0.09,,,,,,,,,,,,,,,,,,,,,,,,,,,,,
,,,,Vince Carter,76,40.80%,2.7,0.05,,,,,,,,,,,,,,,,,,,,,,,,,,,,,
,,,,Wayne Ellington,42,43.20%,0.5,0.00,,,,,,,,,,,,,,,,,,,,,,,,,,,,,
,,,,Grand Total,51.48101266,46.02%,1.841772152,4.58,,,,,,,,,,,,,,,,,,,,,,,,,,,,,
