Airline,Origin,Destination,Delay
WN,BOS,TPA,58.87
WN,TPA,ORF,58.8
WN,ECP,MCI,50.23
WN,LAS,JAX,48.8
WN,ECP,DEN,38.61
WN,PHX,EWR,37.85
WN,LGA,SAT,33.98
WN,OMA,BNA,32.85
WN,OMA,TPA,31.16
WN,SJU,EWR,30.92
WN,ABQ,SAT,28.85
WN,TPA,BOS,28.8
WN,ROC,RSW,28.47
WN,SAN,EWR,28.28
WN,GSP,DAL,28.1
WN,HOU,SMF,28.08
WN,DAL,GSP,28
WN,DAL,MSP,27.68
WN,OAK,EWR,26.12
WN,EWR,SJU,26.12
WN,BNA,EWR,26.07
WN,FLL,BHM,25.53
WN,RSW,ROC,25.2
WN,OKC,FLL,23.87
WN,DEN,EWR,23.44
WN,PBI,DAL,23.44
WN,LAX,SFO,22.73
WN,ECP,MDW,22.28
WN,EWR,PHX,21.96
WN,FLL,EWR,21.25
WN,MCO,CLE,21.11
WN,BUF,DEN,20.94
WN,HOU,BOS,20.82
WN,HOU,PHL,20.77
WN,TUS,HOU,20.66
WN,MCI,ECP,20.65
WN,SAN,ORF,20.27
WN,MDW,EWR,20.01
WN,BOS,MCO,19.83
WN,MDW,SFO,19.82
WN,ELP,SJC,19.54
WN,PHX,SFO,19.31
WN,LBB,HOU,19.1
WN,LAS,SFO,18.84
WN,ATL,SEA,18.8
WN,SJC,MCO,18.7
WN,MCO,ABQ,18.67
WN,HRL,DAL,18.5
WN,SAN,SFO,18.13
WN,PHL,HOU,18.05
WN,SFO,LAX,17.85
WN,MDW,LGA,17.63
WN,BOS,MSP,17.4
WN,LGA,MCO,17.04
WN,HOU,TUS,16.98
WN,EWR,LAS,16.95
WN,DEN,SFO,16.92
WN,MCO,EWR,16.87
WN,EWR,OAK,16.71
WN,DAL,SFO,16.38
WN,PBI,LGA,16.15
WN,PVD,PBI,16.1
WN,EWR,MDW,15.86
WN,DEN,BDL,15.85
WN,STL,PNS,15.66
WN,BUR,SFO,15.61
WN,HOU,PNS,15.58
WN,TPA,DTW,15.5
WN,LAS,RDU,15.44
WN,HOU,LGA,15.43
WN,SNA,SFO,15.39
WN,DAL,LGA,15.35
WN,DEN,ALB,15.26
WN,IND,EWR,15.2
WN,MKE,MSY,15.2
WN,MCO,LGA,15.16
WN,SFO,MKE,15.15
WN,HOU,SJU,15
WN,LAS,ALB,14.92
WN,EWR,IND,14.92
WN,MCO,BOS,14.88
WN,STL,EWR,14.77
WN,PNS,STL,14.33
WN,PDX,BWI,14.31
WN,EWR,STL,14.27
WN,LAX,ELP,14.05
WN,DEN,GRR,14.01
WN,HOU,JAX,14
WN,FLL,RDU,13.97
WN,HOU,LBB,13.96
WN,DAL,CMH,13.92
WN,MCO,OMA,13.88
WN,FLL,PHL,13.71
WN,DEN,SDF,13.64
WN,DEN,LGA,13.62
WN,SFO,DEN,13.43
WN,STL,SLC,13.4
WN,SFO,SAN,13.36
WN,LAX,PIT,13.36
WN,PBI,PVD,13.34
WN,DAL,SDF,13.32
WN,STL,SFO,13.3
WN,RSW,CLE,13.21
WN,LAX,ABQ,13.19
WN,MCO,SMF,13.07
WN,LAS,BHM,12.99
WN,AUS,EWR,12.97
WN,PNS,DEN,12.94
WN,PDX,SFO,12.89
WN,MDW,RNO,12.88
WN,DAL,ONT,12.87
WN,EWR,AUS,12.83
WN,LAS,EWR,12.7
WN,LGA,MCI,12.68
WN,MDW,SJU,12.66
WN,PDX,AUS,12.64
WN,DAL,SMF,12.63
WN,HOU,OMA,12.49
WN,LAS,FLL,12.47
WN,SFO,LAS,12.42
WN,LGA,TPA,12.41
WN,PHL,PHX,12.35
WN,OKC,MCO,12.32
WN,TPA,SJU,12.29
WN,MSY,DCA,12.26
WN,LAS,LAX,12.25
WN,DCA,CMH,12.22
WN,HOU,RDU,12.18
WN,ATL,LGA,12.15
WN,CLT,DAL,12.1
WN,HOU,BUR,12.08
WN,SNA,ABQ,12.06
WN,DEN,BOS,12.04
WN,LAS,BDL,12.03
WN,ATL,PBI,12.02
WN,STL,BOS,12.01
WN,DAL,BUR,11.98
WN,LGA,MDW,11.91
WN,DCA,OKC,11.8
WN,LAX,PHX,11.73
WN,MDW,BOS,11.73
WN,LAX,LAS,11.7
WN,SFO,SNA,11.69
WN,SFO,BUR,11.68
WN,PNS,AUS,11.66
WN,AUS,SFO,11.64
WN,SJC,GEG,11.64
WN,SEA,HOU,11.6
WN,HOU,BHM,11.59
WN,BNA,SJC,11.58
WN,DAL,HRL,11.56
WN,MDW,BUR,11.56
WN,LAS,MSP,11.53
WN,DEN,JAX,11.53
WN,DAL,TPA,11.46
WN,LAX,SLC,11.42
WN,LGA,DEN,11.42
WN,SFO,PHX,11.41
WN,LGA,MKE,11.4
WN,AUS,PNS,11.38
WN,DAL,DTW,11.34
WN,MDW,ONT,11.22
WN,EWR,DEN,11.21
WN,DAL,IND,11.19
WN,MDW,BHM,11.18
WN,MCO,OAK,11.18
WN,DEN,CMH,11.17
WN,MDW,OAK,11.16
WN,BNA,BOS,11.08
WN,DEN,PHL,11.06
WN,LAX,TUS,10.98
WN,TPA,ISP,10.97
WN,DAL,CLT,10.93
WN,DEN,RDU,10.91
WN,AUS,ECP,10.89
WN,AUS,SMF,10.89
WN,MDW,GEG,10.88
WN,MSY,PHX,10.87
WN,HOU,TPA,10.86
WN,MDW,BDL,10.85
WN,LAX,HOU,10.85
WN,STL,LGA,10.82
WN,HOU,LAX,10.81
WN,LAX,SAT,10.76
WN,SJC,RDU,10.76
WN,LAS,SDF,10.75
WN,LAX,MCI,10.74
WN,BWI,SEA,10.74
WN,RDU,DAL,10.72
WN,PHX,FLL,10.71
WN,MSP,TPA,10.71
WN,PHX,LAX,10.7
WN,SJU,MDW,10.69
WN,MDW,ALB,10.64
WN,DEN,PIT,10.62
WN,ATL,LAX,10.59
WN,LAX,MKE,10.59
WN,SJC,LAX,10.58
WN,DAL,BHM,10.55
WN,MDW,SEA,10.55
WN,LAS,PHL,10.52
WN,LAS,SEA,10.51
WN,MCO,PHX,10.49
WN,DAL,PHX,10.48
WN,TPA,PHL,10.41
WN,DAL,DEN,10.41
WN,LAX,DAL,10.39
WN,BWI,BOS,10.38
WN,DAL,FLL,10.37
WN,BOS,MSY,10.35
WN,MSY,LAX,10.35
WN,SAN,TPA,10.35
WN,STL,PHL,10.34
WN,MSY,LGA,10.33
WN,BNA,BUR,10.32
WN,OAK,LAX,10.31
WN,DAL,LAX,10.29
WN,DAL,OKC,10.27
WN,SJC,SEA,10.23
WN,DAL,ATL,10.2
WN,MDW,BUF,10.19
WN,MCO,OKC,10.18
WN,HOU,ECP,10.16
WN,OAK,MCO,10.16
WN,DAL,SEA,10.14
WN,PHX,SAT,10.13
WN,FLL,IAD,10.09
WN,LGA,MSY,10.08
WN,PHX,SEA,10.08
WN,DAL,PIT,10.06
WN,TPA,DCA,10.06
WN,FLL,DCA,10.05
WN,DAL,MCO,10.03
WN,DAL,LIT,10.01
WN,RDU,PHX,9.97
WN,HOU,CHS,9.97
WN,DAL,SLC,9.96
WN,MSY,OAK,9.95
WN,MCO,SJU,9.95
WN,RSW,DAL,9.93
WN,BNA,LGA,9.91
WN,ATL,OAK,9.9
WN,ELP,LAX,9.89
WN,BNA,CLT,9.88
WN,TPA,MEM,9.88
WN,CMH,DCA,9.87
WN,LAX,MSY,9.85
WN,MDW,FLL,9.81
WN,FLL,CMH,9.8
WN,LAX,STL,9.79
WN,SEA,MKE,9.78
WN,DAL,HOU,9.77
WN,FLL,SJU,9.77
WN,HOU,MKE,9.75
WN,MDW,MCO,9.74
WN,BOS,IND,9.74
WN,TPA,PHX,9.72
WN,IND,BOS,9.72
WN,HOU,SLC,9.71
WN,MDW,TPA,9.7
WN,PBI,PHL,9.69
WN,AUS,SNA,9.69
WN,DAL,MEM,9.69
WN,DCA,AUS,9.68
WN,FLL,PHX,9.67
WN,DAL,ELP,9.66
WN,PWM,MCO,9.64
WN,DAL,RDU,9.62
WN,ATL,RDU,9.61
WN,SAT,MSY,9.61
WN,OAK,SEA,9.6
WN,DEN,CLE,9.57
WN,SAN,ELP,9.56
WN,DAL,BOS,9.55
WN,MDW,LAX,9.52
WN,ATL,RSW,9.52
WN,ATL,SAT,9.52
WN,TPA,LAX,9.51
WN,DAL,MKE,9.5
WN,STL,SMF,9.5
WN,SFO,DAL,9.5
WN,HNL,OGG,9.47
WN,HOU,SEA,9.46
WN,STL,SEA,9.45
WN,DAL,PHL,9.44
WN,HOU,CLT,9.44
WN,LAS,CMH,9.41
WN,SJC,ABQ,9.4
WN,MCO,ISP,9.39
WN,STL,CMH,9.39
WN,LGA,IND,9.38
WN,MCO,DCA,9.37
WN,LAS,TUS,9.37
WN,OKC,MDW,9.36
WN,LAX,SJC,9.36
WN,RSW,PVD,9.35
WN,TPA,SAT,9.33
WN,LAX,DEN,9.32
WN,LAS,ONT,9.31
WN,AUS,BOS,9.29
WN,DAL,OAK,9.28
WN,STL,DCA,9.27
WN,DAL,SNA,9.26
WN,LAX,SMF,9.26
WN,MKE,LGA,9.25
WN,DEN,FLL,9.23
WN,ABQ,PHX,9.18
WN,MDW,PVD,9.18
WN,ATL,MCO,9.18
WN,LAX,OAK,9.18
WN,ATL,DAL,9.17
WN,SAN,TUS,9.16
WN,MDW,IND,9.16
WN,DAL,DCA,9.16
WN,ATL,BOS,9.16
WN,DAL,RNO,9.15
WN,SEA,SMF,9.15
WN,ATL,FLL,9.15
WN,LAS,ICT,9.14
WN,RNO,LAX,9.13
WN,DAL,TUL,9.12
WN,LAS,TPA,9.12
WN,STL,ECP,9.12
WN,HOU,FLL,9.12
WN,HOU,SJC,9.11
WN,DEN,TPA,9.09
WN,MCI,LGA,9.09
WN,BUR,HOU,9.08
WN,IAD,MCO,9.07
WN,HNL,OAK,9.07
WN,DEN,OKC,9.06
WN,DCA,PVD,9.04
WN,MDW,PHL,9.02
WN,LAS,PHX,9.02
WN,BWI,LAX,9
WN,DAL,RSW,9
WN,PHX,PHL,9
WN,MDW,MHT,9
WN,DAL,MDW,8.98
WN,MCO,SAT,8.95
WN,ATL,MSY,8.95
WN,SNA,AUS,8.95
WN,LAS,MCO,8.95
WN,DEN,DTW,8.95
WN,LAS,ELP,8.94
WN,STL,PIT,8.93
WN,MSY,CMH,8.92
WN,MDW,MSP,8.92
WN,LGA,STL,8.91
WN,DAL,ABQ,8.89
WN,OMA,DAL,8.88
WN,SMF,LAX,8.87
WN,ABQ,LAX,8.85
WN,SMF,SEA,8.85
WN,OAK,TUS,8.79
WN,SFO,STL,8.78
WN,DEN,LBB,8.78
WN,MDW,SMF,8.77
WN,DEN,TUL,8.77
WN,DEN,SEA,8.77
WN,DCA,MSY,8.74
WN,ATL,CMH,8.74
WN,DEN,SLC,8.74
WN,MDW,MEM,8.73
WN,MDW,SLC,8.73
WN,ORF,SAN,8.73
WN,FLL,IND,8.72
WN,SEA,DAL,8.7
WN,DAL,LBB,8.7
WN,BWI,CLT,8.7
WN,PHX,BUF,8.66
WN,OAK,MSP,8.66
WN,DEN,IAD,8.66
WN,DEN,MKE,8.64
WN,ATL,TPA,8.64
WN,DAL,SJC,8.64
WN,LAS,LIT,8.63
WN,LAS,DAL,8.63
WN,MDW,CLT,8.62
WN,HOU,DCA,8.61
WN,DAL,STL,8.6
WN,MDW,ORF,8.6
WN,MDW,BWI,8.59
WN,LAX,PDX,8.58
WN,MSY,MCO,8.57
WN,STL,SJC,8.56
WN,SEA,MCI,8.55
WN,HOU,OAK,8.54
WN,TPA,LGA,8.53
WN,ATL,DTW,8.52
WN,LAS,IND,8.52
WN,ATL,MDW,8.51
WN,MCO,SJC,8.5
WN,LAX,AUS,8.5
WN,LAX,IND,8.49
WN,DAL,BOI,8.47
WN,HOU,ATL,8.46
WN,DEN,LAX,8.45
WN,CLT,BWI,8.43
WN,MDW,DAL,8.43
WN,SAN,SLC,8.42
WN,SEA,LAS,8.41
WN,MDW,AUS,8.41
WN,MSY,FLL,8.39
WN,PHX,OKC,8.39
WN,DEN,SMF,8.38
WN,ONT,SFO,8.37
WN,CLT,MDW,8.36
WN,STL,BDL,8.36
WN,MCO,PHL,8.36
WN,DAL,SAT,8.35
WN,HOU,MCO,8.35
WN,ORF,BNA,8.35
WN,BOI,DAL,8.35
WN,HOU,DAL,8.35
WN,MDW,JAX,8.34
WN,AUS,HOU,8.34
WN,DAL,OMA,8.34
WN,ELP,PHX,8.33
WN,SEA,BNA,8.33
WN,AUS,HRL,8.32
WN,ATL,PHX,8.3
WN,FLL,PVD,8.3
WN,LAS,MAF,8.27
WN,HOU,MEM,8.27
WN,MDW,ATL,8.27
WN,GRR,BWI,8.27
WN,BNA,RDU,8.26
WN,MDW,SAN,8.26
WN,MCO,MEM,8.26
WN,DEN,IND,8.23
WN,ATL,JAX,8.22
WN,STL,BWI,8.22
WN,MDW,MSY,8.21
WN,HOU,OKC,8.2
WN,SNA,MDW,8.2
WN,PHX,IND,8.2
WN,MDW,SDF,8.19
WN,MDW,RDU,8.19
WN,TPA,PVD,8.19
WN,MCI,BOS,8.18
WN,DAL,MCI,8.18
WN,STL,ICT,8.18
WN,ATL,HOU,8.17
WN,TUS,LAX,8.17
WN,MCO,ATL,8.15
WN,HOU,DEN,8.15
WN,LAS,BWI,8.15
WN,FLL,DAL,8.15
WN,BNA,PHL,8.14
WN,TPA,DAL,8.14
WN,TPA,PIT,8.14
WN,MDW,GRR,8.13
WN,MDW,PHX,8.12
WN,LAS,HOU,8.1
WN,MDW,PDX,8.09
WN,MCO,CMH,8.07
WN,LAS,STL,8.06
WN,DAL,MSY,8.05
WN,FLL,ISP,8.04
WN,PNS,MCI,8.04
WN,DEN,DAL,8.03
WN,DEN,MSP,8.02
WN,HOU,IND,8.02
WN,ECP,DAL,8.01
WN,LAS,OMA,8.01
WN,DAL,AMA,8
WN,PHX,DEN,7.99
WN,PHX,OMA,7.99
WN,CMH,BOS,7.98
WN,FLL,MDW,7.98
WN,HOU,SAT,7.98
WN,MDW,HOU,7.97
WN,BNA,PNS,7.96
WN,MDW,DCA,7.94
WN,BWI,OAK,7.93
WN,MCO,PVD,7.92
WN,MCO,MSP,7.91
WN,ATL,IND,7.91
WN,CHS,BNA,7.89
WN,BWI,PDX,7.89
WN,SAN,SEA,7.88
WN,EWR,MCO,7.87
WN,HOU,PHX,7.86
WN,SMF,HOU,7.86
WN,HRL,AUS,7.85
WN,SJC,BOI,7.85
WN,LAS,SLC,7.85
WN,PHL,DAL,7.85
WN,BWI,ISP,7.84
WN,DAL,PDX,7.83
WN,BWI,CVG,7.83
WN,MSP,MKE,7.82
WN,DEN,MSY,7.82
WN,DAL,AUS,7.82
WN,DAL,BNA,7.81
WN,BHM,MCO,7.81
WN,MDW,CHS,7.8
WN,PHX,MSP,7.8
WN,SFO,PDX,7.8
WN,ATL,MCI,7.8
WN,SEA,PHX,7.79
WN,SAN,MCO,7.79
WN,DEN,OAK,7.79
WN,BUF,PHX,7.79
WN,LAS,DEN,7.78
WN,PHX,ONT,7.78
WN,DEN,HOU,7.77
WN,BNA,MCO,7.74
WN,LAS,OAK,7.74
WN,LGA,DAL,7.72
WN,FLL,PIT,7.71
WN,DAL,MAF,7.71
WN,LAX,RNO,7.71
WN,BWI,BUF,7.7
WN,ATL,STL,7.7
WN,MSY,DAL,7.7
WN,HOU,CRP,7.69
WN,FLL,BDL,7.68
WN,DEN,OMA,7.68
WN,HOU,AUS,7.67
WN,SAT,HOU,7.66
WN,MDW,OMA,7.66
WN,LAS,TUL,7.66
WN,MKE,SFO,7.65
WN,LAX,BNA,7.64
WN,MEM,TPA,7.63
WN,SLC,LAX,7.62
WN,MCO,BUF,7.61
WN,HOU,BNA,7.61
WN,LAS,SAN,7.6
WN,PHX,AUS,7.59
WN,STL,OKC,7.58
WN,PHX,ELP,7.58
WN,PHX,DTW,7.56
WN,ISP,PBI,7.56
WN,ATL,DCA,7.56
WN,STL,ATL,7.54
WN,PHL,TPA,7.54
WN,ALB,DEN,7.54
WN,DEN,BOI,7.51
WN,BNA,TPA,7.51
WN,MCO,BDL,7.5
WN,STL,MSP,7.49
WN,HOU,HRL,7.47
WN,DEN,PHX,7.47
WN,LAX,MDW,7.47
WN,HOU,STL,7.46
WN,AUS,TPA,7.45
WN,MDW,DEN,7.45
WN,STL,MCO,7.44
WN,LAS,ABQ,7.43
WN,ATL,GSP,7.42
WN,STL,DAL,7.42
WN,MDW,DTW,7.42
WN,LAS,GEG,7.41
WN,ATL,BWI,7.4
WN,DAL,LAS,7.4
WN,OAK,CMH,7.4
WN,MDW,SJC,7.4
WN,BNA,MSP,7.38
WN,LAS,SMF,7.37
WN,MSY,HOU,7.37
WN,OAK,PHX,7.35
WN,DTW,DAL,7.35
WN,MSY,DEN,7.34
WN,BNA,DAL,7.32
WN,BWI,CLE,7.32
WN,MSY,SJC,7.31
WN,DEN,MCO,7.3
WN,CHS,DEN,7.3
WN,ABQ,AUS,7.29
WN,FLL,STL,7.29
WN,TPA,STL,7.29
WN,MCO,RDU,7.28
WN,CLT,BNA,7.26
WN,MDW,STL,7.26
WN,HOU,SAN,7.24
WN,DAL,BWI,7.24
WN,PHL,MCO,7.23
WN,MCO,DAL,7.22
WN,SJC,ONT,7.22
WN,TPA,MKE,7.21
WN,BWI,SJC,7.21
WN,SAN,BNA,7.21
WN,PDX,ONT,7.21
WN,STL,BNA,7.2
WN,ECP,BWI,7.2
WN,STL,DTW,7.2
WN,LAS,BOI,7.19
WN,STL,TPA,7.17
WN,SNA,MCI,7.17
WN,OAK,ONT,7.17
WN,DEN,ABQ,7.17
WN,SJC,AUS,7.17
WN,ATL,PHL,7.16
WN,MSY,PIT,7.15
WN,BWI,PBI,7.14
WN,SAN,MSY,7.12
WN,OAK,PDX,7.12
WN,BWI,ATL,7.11
WN,STL,LIT,7.11
WN,PHX,BNA,7.11
WN,ATL,RIC,7.11
WN,DEN,BNA,7.1
WN,BNA,CMH,7.09
WN,ATL,CLE,7.09
WN,SEA,SAN,7.09
WN,FLL,AUS,7.08
WN,PHX,RNO,7.07
WN,BUR,LAS,7.07
WN,MDW,CMH,7.07
WN,PHX,SMF,7.05
WN,STL,TUL,7.05
WN,ATL,PIT,7.05
WN,DCA,MKE,7.04
WN,CVG,DEN,7.03
WN,BNA,DCA,7.03
WN,TPA,FLL,7.03
WN,AUS,PDX,7.02
WN,DCA,OMA,7.01
WN,AUS,SEA,7.01
WN,LGA,ATL,7
WN,MCO,FLL,7
WN,AUS,MCO,7
WN,PDX,BUR,7
WN,DEN,SAT,6.99
WN,DAL,SAN,6.99
WN,BNA,MSY,6.98
WN,LAS,BUF,6.98
WN,SMF,BOI,6.98
WN,BWI,MCO,6.97
WN,LAS,OKC,6.97
WN,HOU,BWI,6.96
WN,DEN,MDW,6.96
WN,BWI,FLL,6.95
WN,MCO,IND,6.95
WN,LAS,MKE,6.93
WN,MSY,TPA,6.93
WN,HOU,MDW,6.93
WN,CMH,OAK,6.93
WN,SEA,SJC,6.93
WN,OAK,BNA,6.92
WN,LAS,BUR,6.92
WN,MSY,ATL,6.91
WN,LAS,CLE,6.91
WN,DEN,STL,6.9
WN,DAL,ECP,6.89
WN,STL,OMA,6.86
WN,ISP,TPA,6.85
WN,HOU,ELP,6.85
WN,OKC,DCA,6.85
WN,MCO,BWI,6.84
WN,BOS,BWI,6.84
WN,LAS,RNO,6.84
WN,MDW,PIT,6.82
WN,MCO,BNA,6.82
WN,MDW,ABQ,6.82
WN,BWI,SLC,6.81
WN,PHX,PDX,6.81
WN,PHX,HOU,6.81
WN,LAS,SAT,6.8
WN,MEM,DAL,6.8
WN,SJC,DAL,6.79
WN,LAS,MCI,6.79
WN,STL,DEN,6.79
WN,STL,FLL,6.79
WN,TPA,BDL,6.79
WN,BNA,OMA,6.78
WN,MSY,SAN,6.77
WN,MDW,CLE,6.77
WN,LAS,PDX,6.77
WN,OAK,ABQ,6.77
WN,BHM,TPA,6.76
WN,DEN,SJC,6.75
WN,BWI,OKC,6.74
WN,STL,RDU,6.73
WN,BWI,ALB,6.73
WN,MKE,BOS,6.72
WN,OAK,RNO,6.71
WN,LAS,MSY,6.71
WN,FLL,LGA,6.71
WN,PHX,TPA,6.71
WN,CMH,TPA,6.71
WN,BWI,BDL,6.71
WN,PHX,OAK,6.71
WN,OAK,MSY,6.7
WN,SJC,SAN,6.7
WN,STL,DSM,6.69
WN,AUS,OAK,6.69
WN,SAN,MKE,6.68
WN,ATL,CAK,6.68
WN,AUS,SJC,6.68
WN,ABQ,DAL,6.67
WN,DEN,AUS,6.66
WN,BNA,LAX,6.66
WN,MSY,SAT,6.65
WN,STL,RSW,6.65
WN,BNA,DTW,6.64
WN,RDU,MCO,6.64
WN,STL,CLE,6.63
WN,BHM,MDW,6.63
WN,MCO,MSY,6.61
WN,MDW,SNA,6.6
WN,MCI,DEN,6.58
WN,LAS,AUS,6.58
WN,PHX,LIT,6.57
WN,BNA,ECP,6.57
WN,BUR,PHX,6.57
WN,MSY,MDW,6.57
WN,SAT,LAX,6.56
WN,CMH,DAL,6.56
WN,SAT,MCO,6.54
WN,TPA,MDW,6.54
WN,TPA,MHT,6.54
WN,BWI,ROC,6.53
WN,MSP,BWI,6.53
WN,HOU,PIT,6.52
WN,PHX,STL,6.52
WN,SAT,ELP,6.52
WN,MDW,BNA,6.52
WN,PHX,DAL,6.51
WN,MDW,RSW,6.51
WN,SJC,PDX,6.51
WN,PDX,LAX,6.5
WN,BNA,AUS,6.5
WN,HOU,MSY,6.49
WN,MCO,PIT,6.48
WN,DEN,BWI,6.48
WN,BWI,SMF,6.48
WN,ATL,MSP,6.48
WN,LAS,SJC,6.48
WN,AUS,ELP,6.47
WN,MCO,HOU,6.47
WN,OAK,SAN,6.46
WN,STL,MSY,6.46
WN,SJC,RNO,6.45
WN,SJC,LAS,6.45
WN,PHX,BUR,6.44
WN,JAX,DAL,6.44
WN,TPA,IND,6.44
WN,PHX,MKE,6.44
WN,SEA,BWI,6.43
WN,RNO,PHX,6.42
WN,OAK,BUR,6.41
WN,MSY,AUS,6.4
WN,STL,AUS,6.4
WN,MSP,DEN,6.39
WN,DEN,LAS,6.38
WN,DEN,ATL,6.36
WN,MCO,MDW,6.36
WN,LAS,ATL,6.35
WN,RDU,MSY,6.35
WN,PHX,CMH,6.35
WN,TPA,AUS,6.35
WN,SAN,MCI,6.33
WN,OAK,LAS,6.32
WN,STL,MCI,6.31
WN,EWR,BNA,6.31
WN,AUS,LAX,6.31
WN,TPA,ATL,6.29
WN,OAK,IND,6.29
WN,ATL,MKE,6.29
WN,AUS,MSY,6.28
WN,STL,PDX,6.27
WN,STL,LAX,6.26
WN,BWI,RDU,6.26
WN,TPA,BUF,6.26
WN,ATL,IAD,6.25
WN,SAN,IND,6.25
WN,OAK,GEG,6.25
WN,OMA,MCO,6.25
WN,DEN,PDX,6.25
WN,OAK,DAL,6.24
WN,SMF,ONT,6.23
WN,MSP,MCO,6.23
WN,TPA,BHM,6.22
WN,BWI,PVD,6.21
WN,IND,LGA,6.21
WN,LAS,MDW,6.2
WN,BNA,CLE,6.2
WN,SJC,BUR,6.2
WN,BOS,STL,6.2
WN,SAN,PHX,6.2
WN,ORF,TPA,6.2
WN,HOU,LAS,6.19
WN,SJC,PHX,6.19
WN,RDU,ATL,6.19
WN,MCO,AUS,6.18
WN,CMH,PHX,6.18
WN,LAX,BWI,6.18
WN,ATL,LAS,6.17
WN,TPA,BNA,6.17
WN,LAS,SNA,6.17
WN,FLL,ATL,6.17
WN,MCI,IND,6.17
WN,LBB,LAS,6.16
WN,SNA,PHX,6.16
WN,TUL,MCO,6.15
WN,ONT,LAS,6.15
WN,SAN,GEG,6.13
WN,SLC,SMF,6.12
WN,MCO,BHM,6.12
WN,BUR,BNA,6.12
WN,MCO,MKE,6.11
WN,MKE,DCA,6.1
WN,PHX,SJC,6.1
WN,PNS,DAL,6.1
WN,MSY,LAS,6.09
WN,SAN,ATL,6.09
WN,STL,MKE,6.08
WN,SAN,ABQ,6.08
WN,PHX,SLC,6.07
WN,BWI,MHT,6.07
WN,SAN,SAT,6.07
WN,CMH,MSY,6.06
WN,LAS,DSM,6.06
WN,PHL,MDW,6.06
WN,MCI,TPA,6.05
WN,PHX,LAS,6.04
WN,CHS,DAL,6.04
WN,CMH,RSW,6.03
WN,SFO,MDW,6.03
WN,BNA,SAN,6.03
WN,ONT,DEN,6.03
WN,SAT,SAN,6.03
WN,STL,MDW,6.03
WN,ABQ,DEN,6.02
WN,STL,PHX,6.01
WN,RDU,MCI,6
WN,HOU,ABQ,6
WN,ONT,PHX,5.99
WN,OAK,SLC,5.98
WN,PHX,MCO,5.98
WN,SAN,DEN,5.97
WN,BNA,STL,5.97
WN,SLC,DEN,5.97
WN,ATL,DEN,5.96
WN,BWI,GRR,5.95
WN,FLL,SAT,5.94
WN,GRR,RSW,5.94
WN,MDW,MCI,5.94
WN,SJC,DEN,5.93
WN,FLL,MCI,5.93
WN,CLT,HOU,5.92
WN,PHX,ABQ,5.91
WN,BWI,RSW,5.91
WN,OAK,BOI,5.9
WN,MDW,LAS,5.89
WN,SAN,OAK,5.88
WN,BNA,MDW,5.88
WN,TPA,DEN,5.87
WN,ATL,AUS,5.87
WN,DEN,MCI,5.86
WN,MDW,SAT,5.85
WN,OAK,DEN,5.84
WN,TPA,SAN,5.84
WN,SLC,SAN,5.83
WN,AUS,MCI,5.82
WN,LGA,PBI,5.82
WN,MDW,ECP,5.82
WN,PDX,SJC,5.81
WN,BWI,MDW,5.81
WN,SAN,AUS,5.81
WN,SEA,SNA,5.8
WN,LAX,ATL,5.8
WN,MEM,MDW,5.8
WN,OMA,DCA,5.78
WN,MSY,MCI,5.78
WN,PHX,MSY,5.77
WN,PIT,TPA,5.76
WN,MDW,PBI,5.75
WN,AUS,FLL,5.75
WN,SAT,PHX,5.73
WN,SMF,BUR,5.72
WN,SAT,MDW,5.71
WN,PVD,DCA,5.71
WN,TPA,RDU,5.71
WN,ABQ,MCI,5.71
WN,MCI,RSW,5.7
WN,AUS,MDW,5.7
WN,RDU,TPA,5.7
WN,HRL,HOU,5.7
WN,SEA,DEN,5.7
WN,BWI,IND,5.7
WN,FLL,BNA,5.68
WN,SJC,SNA,5.67
WN,SAT,DAL,5.67
WN,TUS,OAK,5.67
WN,SAN,LAS,5.67
WN,ONT,SMF,5.67
WN,SJC,SLC,5.66
WN,BWI,PIT,5.66
WN,MSY,BNA,5.65
WN,SJC,HOU,5.65
WN,BUR,OAK,5.65
WN,AUS,PHX,5.64
WN,AUS,SAN,5.64
WN,MCO,ORF,5.64
WN,CVG,PHX,5.64
WN,BOS,DEN,5.64
WN,MCI,LAX,5.64
WN,LIT,DAL,5.62
WN,LAS,BNA,5.62
WN,FLL,MKE,5.62
WN,HOU,TUL,5.62
WN,PHX,MDW,5.61
WN,LIT,LAS,5.61
WN,SAN,DAL,5.6
WN,SAN,SJC,5.6
WN,BWI,MCI,5.59
WN,BWI,DTW,5.59
WN,IND,MCO,5.59
WN,BWI,MSP,5.58
WN,SAT,ATL,5.58
WN,DAL,CHS,5.57
WN,MCO,DTW,5.57
WN,FLL,TPA,5.57
WN,AUS,ATL,5.56
WN,ROC,TPA,5.56
WN,IND,ATL,5.55
WN,TPA,MSY,5.55
WN,MKE,MSP,5.55
WN,BWI,MKE,5.53
WN,SEA,OAK,5.53
WN,PDX,SMF,5.52
WN,BNA,FLL,5.52
WN,FLL,BWI,5.52
WN,HOU,MCI,5.52
WN,BOS,ATL,5.51
WN,DCA,MCI,5.51
WN,BNA,BWI,5.51
WN,SAT,BNA,5.5
WN,BNA,JAX,5.5
WN,PHL,DEN,5.49
WN,IND,DAL,5.49
WN,RDU,DEN,5.49
WN,FLL,MCO,5.49
WN,BWI,TPA,5.48
WN,PHL,ATL,5.48
WN,SDF,LAS,5.47
WN,HNL,KOA,5.47
WN,SNA,DEN,5.45
WN,BNA,MCI,5.45
WN,PDX,SNA,5.44
WN,DEN,ONT,5.44
WN,BNA,PIT,5.43
WN,FLL,BUF,5.42
WN,DCA,MDW,5.42
WN,PHX,SAN,5.42
WN,MSP,PHX,5.39
WN,TPA,BWI,5.38
WN,RSW,BUF,5.38
WN,MCI,MCO,5.37
WN,BOS,CMH,5.36
WN,BNA,DEN,5.36
WN,OKC,HOU,5.36
WN,PHL,BNA,5.35
WN,FLL,MSY,5.35
WN,AUS,BNA,5.35
WN,MCI,MSP,5.35
WN,PDX,PHX,5.35
WN,MDW,CVG,5.35
WN,ALB,TPA,5.35
WN,DEN,SAN,5.34
WN,MEM,BWI,5.34
WN,BNA,ATL,5.33
WN,BNA,SAT,5.32
WN,FLL,ALB,5.32
WN,DEN,GEG,5.31
WN,BDL,MCO,5.31
WN,OAK,LGB,5.31
WN,BOS,DAL,5.3
WN,BOS,MKE,5.29
WN,MSY,BWI,5.28
WN,PDX,LAS,5.28
WN,CAK,MCO,5.27
WN,ONT,OAK,5.26
WN,LAS,PIT,5.25
WN,OKC,BNA,5.24
WN,PIT,PHX,5.24
WN,SNA,OAK,5.24
WN,PBI,ISP,5.24
WN,OMA,DEN,5.23
WN,IAD,ATL,5.23
WN,DCA,MCO,5.23
WN,SLC,OAK,5.23
WN,FLL,DEN,5.22
WN,SAT,DEN,5.22
WN,MDW,TUS,5.22
WN,AMA,LAS,5.22
WN,AUS,LAS,5.22
WN,MCO,STL,5.21
WN,DEN,BUF,5.21
WN,BWI,PHX,5.2
WN,AUS,DEN,5.2
WN,SNA,SMF,5.2
WN,KOA,HNL,5.2
WN,SNA,SEA,5.2
WN,TPA,MCI,5.2
WN,TPA,CMH,5.19
WN,TUS,SAN,5.19
WN,OKC,PHX,5.16
WN,TPA,LAS,5.15
WN,ORF,DEN,5.15
WN,LAS,LBB,5.15
WN,RNO,LAS,5.15
WN,BWI,MEM,5.15
WN,MCI,DAL,5.15
WN,SAN,RNO,5.14
WN,BWI,MSY,5.14
WN,RSW,MKE,5.14
WN,STL,SAN,5.13
WN,STL,HOU,5.12
WN,SAT,TPA,5.1
WN,LBB,AUS,5.1
WN,RNO,DAL,5.1
WN,PHX,SNA,5.1
WN,BUR,SMF,5.09
WN,FLL,HOU,5.09
WN,MCI,MSY,5.09
WN,ONT,SJC,5.08
WN,BWI,ORF,5.08
WN,RDU,BWI,5.08
WN,HOU,PDX,5.06
WN,OAK,MCI,5.06
WN,BWI,CHS,5.05
WN,SAT,FLL,5.04
WN,MEM,MCO,5.04
WN,BUR,PDX,5.04
WN,MDW,BOI,5.04
WN,BUR,SJC,5.03
WN,BWI,CMH,5.03
WN,AUS,DAL,5.01
WN,DCA,ATL,5.01
WN,BNA,PHX,5
WN,DCA,STL,4.99
WN,OKC,DAL,4.99
WN,PHX,MCI,4.99
WN,MCO,DEN,4.98
WN,SAN,STL,4.98
WN,DEN,BUR,4.98
WN,MSP,MCI,4.97
WN,MCO,MHT,4.97
WN,ABQ,LAS,4.97
WN,MCO,MCI,4.95
WN,PHX,RDU,4.93
WN,SNA,LAS,4.93
WN,MCO,PWM,4.93
WN,ISP,MCO,4.93
WN,BWI,AUS,4.92
WN,MSY,IND,4.92
WN,BWI,HOU,4.91
WN,OGG,OAK,4.89
WN,TUS,DEN,4.89
WN,BOS,MCI,4.88
WN,IND,DCA,4.88
WN,SLC,PHX,4.88
WN,CHS,STL,4.87
WN,SAN,PDX,4.85
WN,BUR,MDW,4.84
WN,BWI,BNA,4.83
WN,BWI,SAN,4.83
WN,MSP,MDW,4.82
WN,BWI,ECP,4.82
WN,AUS,ABQ,4.81
WN,SAN,HOU,4.8
WN,BWI,JAX,4.79
WN,BOS,MDW,4.79
WN,STL,SAT,4.79
WN,MAF,HOU,4.78
WN,AUS,STL,4.78
WN,SMF,LAS,4.76
WN,MCI,DCA,4.76
WN,MSY,SMF,4.75
WN,CMH,MCO,4.74
WN,AUS,IND,4.74
WN,OAK,SNA,4.74
WN,ABQ,SAN,4.73
WN,PBI,PIT,4.72
WN,IND,MSY,4.72
WN,CVG,MDW,4.71
WN,MCO,ALB,4.7
WN,BNA,SEA,4.69
WN,MCI,PHX,4.68
WN,HOU,MAF,4.68
WN,MDW,FNT,4.67
WN,DCA,FLL,4.66
WN,PDX,OAK,4.65
WN,PHX,BOI,4.65
WN,LGA,HOU,4.64
WN,OKC,DEN,4.63
WN,SAN,SMF,4.63
WN,PIT,MCO,4.62
WN,MCO,SDF,4.62
WN,BHM,DAL,4.59
WN,LIT,STL,4.59
WN,DAL,JAX,4.58
WN,PHX,TUL,4.58
WN,MSP,STL,4.56
WN,BWI,ABQ,4.55
WN,ELP,HOU,4.55
WN,SJC,STL,4.54
WN,DTW,BNA,4.54
WN,BWI,SDF,4.54
WN,BDL,TPA,4.51
WN,SLC,LAS,4.51
WN,CRP,HOU,4.51
WN,FLL,LAS,4.5
WN,LBB,DAL,4.5
WN,MCO,LAS,4.48
WN,DAL,PNS,4.48
WN,DCA,RSW,4.47
WN,OGG,SJC,4.47
WN,PNS,BNA,4.47
WN,ORF,MDW,4.47
WN,GEG,MDW,4.47
WN,BUR,DAL,4.46
WN,DEN,SNA,4.45
WN,RDU,STL,4.45
WN,RDU,LAS,4.44
WN,SMF,SAN,4.44
WN,ELP,SAT,4.42
WN,TPA,ALB,4.42
WN,SEA,MDW,4.41
WN,TUL,STL,4.41
WN,ELP,LAS,4.4
WN,SAT,LGA,4.4
WN,BWI,DAL,4.39
WN,SLC,SJC,4.37
WN,SMF,SNA,4.37
WN,ABQ,OAK,4.36
WN,BUR,DEN,4.35
WN,ABQ,BWI,4.35
WN,LAS,DTW,4.34
WN,PHX,CLE,4.33
WN,STL,PBI,4.32
WN,MAF,DAL,4.31
WN,RDU,BNA,4.3
WN,LAX,TPA,4.29
WN,PHL,STL,4.29
WN,ATL,BNA,4.29
WN,ABQ,HOU,4.28
WN,BNA,OAK,4.26
WN,MCI,HOU,4.25
WN,TPA,SDF,4.24
WN,AUS,LBB,4.24
WN,PHX,GEG,4.24
WN,SNA,PDX,4.23
WN,BHM,LAS,4.22
WN,SMF,MCO,4.2
WN,IND,LAX,4.2
WN,BWI,LAS,4.19
WN,PHX,ATL,4.19
WN,ELP,DEN,4.18
WN,SMF,PHX,4.18
WN,JAX,ATL,4.17
WN,BNA,HOU,4.16
WN,PVD,MCO,4.15
WN,DEN,TUS,4.15
WN,BWI,DEN,4.15
WN,GSP,ATL,4.14
WN,OAK,ATL,4.12
WN,SMF,PDX,4.12
WN,BWI,STL,4.09
WN,DTW,MDW,4.04
WN,DTW,ATL,4.03
WN,PDX,SAN,4.03
WN,SJU,TPA,4.01
WN,MSY,STL,4.01
WN,SNA,DAL,3.99
WN,ABQ,MCO,3.99
WN,MCI,FLL,3.98
WN,SAT,LAS,3.97
WN,BWI,PWM,3.96
WN,EWR,SAN,3.95
WN,CHS,BWI,3.94
WN,TUL,DAL,3.93
WN,MCI,ABQ,3.92
WN,SDF,HOU,3.92
WN,MSY,BOS,3.9
WN,TPA,HOU,3.9
WN,CMH,MDW,3.88
WN,ELP,DAL,3.88
WN,PBI,ATL,3.88
WN,BWI,SJU,3.88
WN,SNA,SJC,3.86
WN,HOU,SNA,3.86
WN,EWR,FLL,3.86
WN,STL,OAK,3.86
WN,MDW,PNS,3.84
WN,FNT,RSW,3.84
WN,PHX,BWI,3.84
WN,DSM,STL,3.84
WN,ECP,HOU,3.83
WN,FLL,MSP,3.83
WN,LGA,BNA,3.82
WN,MCI,PDX,3.82
WN,LIT,PHX,3.79
WN,PWM,BWI,3.79
WN,SJC,MDW,3.76
WN,MEM,HOU,3.75
WN,MCI,MDW,3.74
WN,RSW,BDL,3.73
WN,DAL,PBI,3.72
WN,RSW,MDW,3.72
WN,DTW,BWI,3.71
WN,OMA,PHX,3.7
WN,BOS,BNA,3.7
WN,RSW,PIT,3.69
WN,LAS,LGB,3.68
WN,BUF,TPA,3.68
WN,SNA,HOU,3.66
WN,CVG,BWI,3.66
WN,SAT,BWI,3.66
WN,PIT,BNA,3.66
WN,SMF,BNA,3.65
WN,OAK,HOU,3.63
WN,PBI,BWI,3.63
WN,DEN,PNS,3.62
WN,BOI,LAS,3.62
WN,RSW,CMH,3.62
WN,SAN,BOI,3.62
WN,ECP,BNA,3.62
WN,CMH,ATL,3.61
WN,IND,BWI,3.6
WN,SEA,AUS,3.6
WN,LAX,OMA,3.6
WN,PHX,PIT,3.59
WN,SMF,LGB,3.59
WN,ABQ,SJC,3.58
WN,SMF,SLC,3.58
WN,BUF,RSW,3.57
WN,IND,TPA,3.57
WN,JAX,BWI,3.56
WN,CMH,STL,3.54
WN,RSW,ALB,3.53
WN,LGB,LAS,3.53
WN,OMA,LAS,3.52
WN,OMA,STL,3.51
WN,DCA,HOU,3.49
WN,SAN,BWI,3.48
WN,DCA,BNA,3.48
WN,MSP,FLL,3.43
WN,PIT,DAL,3.43
WN,HNL,SJC,3.43
WN,BUF,MDW,3.43
WN,TPA,DAY,3.43
WN,DEN,MEM,3.42
WN,RSW,IND,3.41
WN,IND,OAK,3.41
WN,SMF,DEN,3.41
WN,BOI,PHX,3.4
WN,MCI,SNA,3.4
WN,ELP,AUS,3.4
WN,AUS,DCA,3.4
WN,RSW,STL,3.38
WN,SLC,DAL,3.36
WN,BHM,BWI,3.35
WN,BNA,CHS,3.35
WN,DCA,TPA,3.33
WN,CLE,MDW,3.32
WN,RSW,MSP,3.29
WN,DCA,DAL,3.28
WN,BWI,SAT,3.26
WN,PDX,DAL,3.26
WN,BNA,OKC,3.24
WN,JAX,MDW,3.24
WN,TUL,HOU,3.24
WN,STL,CHS,3.23
WN,OKC,STL,3.23
WN,ATL,SAN,3.23
WN,MSY,RDU,3.23
WN,OAK,AUS,3.21
WN,IND,DEN,3.21
WN,TUL,PHX,3.21
WN,DEN,LGB,3.2
WN,RDU,MDW,3.2
WN,PHL,MSP,3.2
WN,SDF,BWI,3.18
WN,DTW,STL,3.17
WN,SLC,BWI,3.17
WN,SDF,MCO,3.17
WN,IND,MDW,3.17
WN,MHT,TPA,3.15
WN,BOI,MDW,3.14
WN,ORF,BWI,3.14
WN,MKE,DAL,3.13
WN,MDW,OKC,3.13
WN,TPA,ROC,3.12
WN,SLC,BUR,3.12
WN,DTW,LAS,3.12
WN,MCI,SEA,3.1
WN,JAX,DEN,3.08
WN,OAK,BWI,3.07
WN,JAX,BNA,3.05
WN,IND,MCI,3.04
WN,RSW,BNA,3.03
WN,SJU,MCO,3.03
WN,MCO,CAK,3.03
WN,STL,LAS,3.03
WN,FLL,JAX,3
WN,RNO,DEN,2.98
WN,CLE,PHX,2.98
WN,ABQ,PDX,2.97
WN,MCI,SAN,2.97
WN,PDX,DEN,2.96
WN,SAT,MCI,2.94
WN,DTW,PHX,2.93
WN,IND,RSW,2.93
WN,ORF,MCO,2.92
WN,GRR,MDW,2.92
WN,RSW,BWI,2.9
WN,ECP,AUS,2.89
WN,GRR,MCO,2.89
WN,OAK,HNL,2.88
WN,RNO,SAN,2.88
WN,MCI,MKE,2.87
WN,CMH,LAS,2.86
WN,GEG,SAN,2.83
WN,SAT,STL,2.81
WN,PVD,BWI,2.8
WN,MCI,STL,2.8
WN,CLE,ATL,2.78
WN,BUF,MCO,2.76
WN,OMA,MDW,2.75
WN,SLC,HOU,2.75
WN,DEN,RNO,2.74
WN,BOI,GEG,2.73
WN,MCI,ATL,2.72
WN,PNS,MDW,2.68
WN,MCO,SAN,2.62
WN,PVD,RSW,2.61
WN,TPA,CLE,2.61
WN,MSP,RSW,2.6
WN,TUL,LAS,2.6
WN,RDU,HOU,2.59
WN,GEG,BOI,2.58
WN,SMF,GEG,2.58
WN,PNS,HOU,2.55
WN,SJU,BWI,2.55
WN,MKE,SEA,2.54
WN,AUS,BWI,2.54
WN,ALB,MDW,2.51
WN,OKC,BWI,2.44
WN,OGG,HNL,2.44
WN,BOI,OAK,2.44
WN,PHX,SDF,2.44
WN,MCI,LAS,2.43
WN,BDL,BWI,2.43
WN,PVD,TPA,2.42
WN,BOI,SMF,2.41
WN,ALB,LAS,2.41
WN,MCI,OAK,2.39
WN,MCO,IAD,2.38
WN,PDX,MDW,2.37
WN,IND,SAN,2.35
WN,OAK,MDW,2.34
WN,RSW,ATL,2.32
WN,PHL,LAS,2.31
WN,BNA,RSW,2.31
WN,SDF,PHX,2.3
WN,DTW,DEN,2.3
WN,ALB,MCO,2.27
WN,MKE,MCO,2.27
WN,PDX,MCI,2.27
WN,FNT,MDW,2.26
WN,CMH,BNA,2.25
WN,IAD,DEN,2.2
WN,JAX,FLL,2.2
WN,GEG,PHX,2.19
WN,BNA,LAS,2.18
WN,ABQ,MDW,2.17
WN,TUS,LAS,2.16
WN,IND,HOU,2.16
WN,MCO,GRR,2.16
WN,SJU,HOU,2.16
WN,BUR,SLC,2.14
WN,MCI,AUS,2.13
WN,OAK,SAT,2.12
WN,MCI,BNA,2.12
WN,OKC,LAS,2.11
WN,ONT,DAL,2.1
WN,CHS,MDW,2.1
WN,DSM,LAS,2.08
WN,AMA,DAL,2.08
WN,PIT,FLL,2.06
WN,MDW,DAY,2.04
WN,SLC,MDW,2.04
WN,PIT,RSW,2.03
WN,BOI,DEN,2.03
WN,MKE,LAX,2.01
WN,SMF,MDW,2.01
WN,MKE,MCI,2.01
WN,MKE,STL,2.01
WN,PIT,MDW,2
WN,MEM,DEN,1.99
WN,CLE,STL,1.96
WN,IND,PHX,1.96
WN,TUL,DEN,1.95
WN,RNO,OAK,1.94
WN,STL,SNA,1.94
WN,BDL,LAS,1.93
WN,DCA,IND,1.93
WN,TPA,MSP,1.92
WN,MKE,TPA,1.91
WN,MKE,PHX,1.89
WN,DEN,ECP,1.88
WN,ISP,FLL,1.88
WN,GEG,SJC,1.87
WN,PDX,ABQ,1.86
WN,SDF,TPA,1.82
WN,BDL,MDW,1.81
WN,SJC,OGG,1.81
WN,SJU,FLL,1.8
WN,CHS,HOU,1.79
WN,PVD,FLL,1.79
WN,SDF,MDW,1.77
WN,MKE,RSW,1.74
WN,IND,LAS,1.73
WN,BHM,HOU,1.68
WN,PIT,LAS,1.67
WN,CMH,BWI,1.67
WN,PVD,MDW,1.66
WN,RSW,MCI,1.66
WN,GEG,LAS,1.65
WN,BOI,SJC,1.64
WN,BWI,BHM,1.63
WN,SAN,MDW,1.62
WN,DEN,ELP,1.62
WN,ROC,BWI,1.62
WN,ISP,BWI,1.62
WN,ALB,BWI,1.61
WN,RDU,AUS,1.61
WN,OKC,ATL,1.59
WN,ROC,MCO,1.57
WN,MKE,BWI,1.56
WN,JAX,HOU,1.54
WN,PIT,STL,1.54
WN,ATL,OKC,1.52
WN,OAK,STL,1.51
WN,BOS,AUS,1.5
WN,MKE,DEN,1.48
WN,ICT,STL,1.46
WN,CLE,BNA,1.41
WN,CAK,ATL,1.41
WN,CLE,BWI,1.39
WN,DTW,MCO,1.39
WN,RIC,ATL,1.38
WN,CMH,FLL,1.38
WN,MCI,BWI,1.36
WN,ECP,STL,1.35
WN,CLE,RSW,1.34
WN,GEG,DEN,1.33
WN,CVG,MCO,1.33
WN,MKE,BNA,1.31
WN,RDU,FLL,1.31
WN,BUF,BWI,1.29
WN,PHL,PBI,1.29
WN,RNO,SJC,1.28
WN,CMH,DEN,1.26
WN,BNA,ORF,1.25
WN,TPA,OMA,1.24
WN,PDX,HOU,1.22
WN,LGB,OAK,1.21
WN,ICT,LAS,1.19
WN,OMA,LAX,1.16
WN,PIT,ATL,1.15
WN,HOU,SDF,1.15
WN,PIT,LAX,1.14
WN,MHT,MCO,1.11
WN,MKE,FLL,1.11
WN,GEG,SMF,1.11
WN,PIT,BWI,1.1
WN,IAD,LAS,1.09
WN,LAS,AMA,1.06
WN,FNT,MCO,1.06
WN,MSP,LAS,1.05
WN,PIT,DEN,1.03
WN,SMF,DAL,1
WN,ONT,PDX,0.93
WN,SNA,STL,0.91
WN,OAK,OGG,0.87
WN,SFO,AUS,0.81
WN,MKE,LAS,0.79
WN,OMA,HOU,0.73
WN,RNO,MDW,0.72
WN,HOU,CMH,0.66
WN,ABQ,SNA,0.61
WN,CLE,MKE,0.6
WN,SJC,BNA,0.59
WN,MSP,OAK,0.56
WN,BUF,FLL,0.54
WN,PIT,MSY,0.52
WN,TPA,GRR,0.49
WN,LAS,IAD,0.45
WN,ELP,SAN,0.45
WN,RSW,DCA,0.43
WN,MSP,ATL,0.39
WN,CLE,LAS,0.39
WN,IND,FLL,0.37
WN,MCI,RDU,0.34
WN,MAF,LAS,0.33
WN,SJC,MSY,0.33
WN,BUF,LAS,0.32
WN,MCI,SAT,0.31
WN,ALB,RSW,0.3
WN,RSW,GRR,0.3
WN,BOI,SAN,0.27
WN,BOS,HOU,0.25
WN,MHT,BWI,0.23
WN,MSP,BNA,0.22
WN,ICT,PHX,0.17
WN,DAY,MDW,0.14
WN,SJC,BWI,0.13
WN,DEN,RSW,0.1
WN,MCO,DAY,0.04
WN,GEG,OAK,0.03
WN,CLE,MCO,-0.09
WN,PHL,FLL,-0.09
WN,DEN,CHS,-0.09
WN,SEA,STL,-0.12
WN,PHX,CVG,-0.12
WN,BNA,MKE,-0.16
WN,MKE,CLE,-0.17
WN,SAT,OAK,-0.23
WN,MKE,ATL,-0.29
WN,DEN,CVG,-0.3
WN,LAX,OKC,-0.3
WN,SEA,ATL,-0.3
WN,PHX,ICT,-0.32
WN,DAY,TPA,-0.4
WN,ONT,MDW,-0.42
WN,RIC,TPA,-0.43
WN,PHX,DSM,-0.5
WN,LGB,SMF,-0.5
WN,BDL,PBI,-0.54
WN,MHT,FLL,-0.55
WN,FLL,MHT,-0.55
WN,MCO,FNT,-0.55
WN,PIT,HOU,-0.61
WN,AUS,RDU,-0.62
WN,MCO,CVG,-0.63
WN,FNT,TPA,-0.64
WN,ALB,FLL,-0.65
WN,SJC,LGB,-0.66
WN,DEN,ORF,-0.69
WN,MSP,PHL,-0.7
WN,MDW,PWM,-0.78
WN,DSM,PHX,-0.79
WN,SDF,DAL,-0.81
WN,MCO,ROC,-0.85
WN,BDL,RSW,-0.88
WN,BDL,DEN,-0.94
WN,MHT,MDW,-0.99
WN,CMH,HOU,-1.07
WN,RDU,SJC,-1.13
WN,RSW,FNT,-1.15
WN,PWM,MDW,-1.22
WN,SDF,DEN,-1.23
WN,LGB,DEN,-1.26
WN,TUS,MDW,-1.3
WN,MCI,PNS,-1.33
WN,GRR,DEN,-1.37
WN,BDL,FLL,-1.43
WN,GRR,TPA,-1.47
WN,OMA,SAN,-1.48
WN,MSP,BOS,-1.8
WN,RSW,DEN,-1.86
WN,CLE,DEN,-1.98
WN,MSP,DAL,-2.05
WN,SMF,BWI,-2.06
WN,SMF,STL,-2.08
WN,PBI,MDW,-2.1
WN,SJC,TUS,-2.2
WN,CMH,OKC,-2.4
WN,LGA,FLL,-2.46
WN,IAD,FLL,-2.8
WN,MKE,HOU,-3.04
WN,SAT,ABQ,-3.05
WN,SMF,AUS,-3.06
WN,LBB,DEN,-3.3
WN,SAN,OMA,-3.3
WN,SEA,ABQ,-3.4
WN,PBI,STL,-3.5
WN,LGB,SJC,-3.56
WN,RIC,MCO,-3.64
WN,DTW,TPA,-3.64
WN,PDX,STL,-3.65
WN,BDL,STL,-3.67
WN,MKE,SAN,-3.77
WN,SJC,HNL,-4.03
WN,DAL,TUS,-4.1
WN,PIT,PBI,-4.2
WN,TPA,FNT,-4.27
WN,IND,AUS,-4.27
WN,BNA,SMF,-4.33
WN,SJC,ELP,-4.38
WN,PHX,LGA,-4.42
WN,PBI,BDL,-4.73
WN,MCO,RIC,-5.35
WN,ABQ,SEA,-5.4
WN,FLL,OKC,-5.53
WN,CLE,TPA,-5.54
WN,CLE,MSY,-5.63
WN,SMF,MSY,-5.64
WN,SFO,ONT,-5.67
WN,DAL,CRP,-5.75
WN,DAY,MCO,-5.94
WN,TUS,SJC,-5.98
WN,CRP,DAL,-7.15
WN,MCO,TUL,-7.51
WN,LGA,PHX,-7.85
WN,MSY,MKE,-8
WN,MSY,CLE,-9.02
WN,TPA,RIC,-9.8
WN,TUS,DAL,-12.99
WN,OKC,LAX,-13.8
WN,OKC,CMH,-14.8
WN,BHM,FLL,-15.07
WN,JAX,LAS,-17.14
AA,DCA,MCI,118
AA,PHL,XNA,84.6
AA,DCA,BDL,75.07
AA,SDF,MIA,71.7
AA,COS,ORD,66.91
AA,ORD,BUF,58.73
AA,DFW,LIH,55.06
AA,CHS,MIA,47.76
AA,ANC,DFW,46.35
AA,LIH,DFW,37.16
AA,JAC,ORD,36.73
AA,ONT,ORD,36.69
AA,VPS,CLT,35.15
AA,MIA,CHS,35.15
AA,ORD,EGE,34.39
AA,DFW,AGS,33.8
AA,JFK,EGE,33.05
AA,ORD,ONT,31.77
AA,DTW,LGA,30.99
AA,EGE,JFK,30.77
AA,TYS,CLT,29.77
AA,DFW,ANC,29.1
AA,MYR,DFW,28.86
AA,EGE,MIA,28.67
AA,STT,JFK,28.53
AA,CLT,XNA,28.28
AA,ORD,OMA,27.68
AA,ORD,JAC,27.4
AA,XNA,CLT,26.52
AA,LIT,DFW,26.48
AA,EGE,LAX,26.06
AA,JFK,STT,25.86
AA,ORD,SYR,24.83
AA,MIA,TUL,24.71
AA,PDX,PHL,24.71
AA,DFW,GSO,24.26
AA,MIA,BUF,24.03
AA,XNA,PHL,23.4
AA,DFW,BUR,23.34
AA,AGS,DFW,22.68
AA,HDN,DFW,22.44
AA,ANC,PHX,22.43
AA,JFK,SJU,21.53
AA,JFK,DEN,21.39
AA,DFW,EGE,21.31
AA,DFW,TYS,21.27
AA,DCA,PIT,21.21
AA,DFW,JAC,21.08
AA,MCO,LGA,20.87
AA,MIA,JFK,20.84
AA,ORD,DSM,20.83
AA,SDF,DFW,20.75
AA,MIA,ORF,20.49
AA,ORD,BNA,20.33
AA,DFW,MAF,20.27
AA,BHM,SJC,20
AA,DCA,JFK,19.79
AA,ORD,EWR,19.62
AA,JAC,DFW,19.57
AA,EGE,DFW,19.52
AA,MIA,JAX,19.25
AA,LAX,EGE,19.25
AA,MTJ,DFW,18.75
AA,ORD,BWI,18.69
AA,XNA,DFW,18.03
AA,BUF,ORD,17.97
AA,ORD,ELP,17.89
AA,DFW,KOA,17.82
AA,MIA,EWR,17.45
AA,CLT,VPS,17.39
AA,PHL,PDX,17.33
AA,BZN,ORD,17.17
AA,ORD,SMF,17.03
AA,SDF,ORD,16.95
AA,CLT,SJC,16.85
AA,EGE,ORD,16.78
AA,CLT,EWR,16.72
AA,DFW,PNS,16.49
AA,DFW,LBB,16.28
AA,PHL,SJU,16.17
AA,ORD,RNO,16.09
AA,ORD,SAT,16.04
AA,PHL,SLC,15.98
AA,DFW,EWR,15.97
AA,PHX,ANC,15.93
AA,DFW,ICT,15.91
AA,DFW,BUF,15.85
AA,OAK,DFW,15.82
AA,ORD,IND,15.78
AA,PHL,SEA,15.71
AA,CLT,TYS,15.67
AA,PHX,EWR,15.66
AA,DFW,GRR,15.64
AA,PHL,SFO,15.62
AA,ORD,ABQ,15.59
AA,MSP,LGA,15.54
AA,ORD,SFO,15.54
AA,PHL,BUF,15.51
AA,DFW,GUC,15.45
AA,ORD,JFK,15.43
AA,ORD,HNL,15.3
AA,DCA,RDU,15.28
AA,GSP,SJC,15.2
AA,DFW,HNL,15.14
AA,CLT,TUL,15.13
AA,CMH,ORD,15.08
AA,ORD,JAX,14.87
AA,ORD,MSY,14.77
AA,DFW,JAX,14.75
AA,ORD,IAH,14.74
AA,DFW,OGG,14.73
AA,LAX,SFO,14.64
AA,MIA,PHL,14.51
AA,DFW,SFO,14.49
AA,DFW,MIA,14.42
AA,MIA,BDL,14.41
AA,ORD,STL,14.38
AA,ORD,PDX,14.34
AA,LBB,DFW,14.28
AA,OMA,ORD,14.03
AA,JFK,ORD,14
AA,ORD,DFW,13.97
AA,MIA,PVD,13.83
AA,RDU,LGA,13.79
AA,DFW,JFK,13.76
AA,ORD,PIT,13.74
AA,MAF,DFW,13.73
AA,RDU,PHX,13.66
AA,DFW,VPS,13.66
AA,ORD,TUS,13.65
AA,MIA,BNA,13.63
AA,ORD,BDL,13.62
AA,JFK,SEA,13.62
AA,ORD,MCI,13.55
AA,MIA,SFO,13.47
AA,SFO,LAX,13.41
AA,BNA,LGA,13.4
AA,MIA,SEA,13.38
AA,LGA,EGE,13.37
AA,DFW,DSM,13.31
AA,DFW,LIT,13.28
AA,DFW,SAV,13.25
AA,DFW,CVG,13.25
AA,MIA,SLC,13.16
AA,ORD,BZN,13.14
AA,MIA,AUS,13.12
AA,MIA,MSY,13.09
AA,ORD,SDF,13.06
AA,LGA,DTW,13.03
AA,ORD,ORF,13.02
AA,BUR,DFW,12.98
AA,CLT,SFO,12.97
AA,MIA,STL,12.82
AA,MIA,SAT,12.8
AA,DFW,MEM,12.77
AA,CLT,SMF,12.67
AA,ORD,ATL,12.67
AA,ORD,TPA,12.64
AA,DFW,ORF,12.55
AA,DFW,IND,12.41
AA,DFW,SMF,12.38
AA,DFW,MCO,12.37
AA,DSM,ORD,12.34
AA,GUC,DFW,12.3
AA,ORD,RDU,12.28
AA,DFW,CHS,12.27
AA,DFW,CAE,12.23
AA,LAX,PIT,12.23
AA,DFW,SEA,12.21
AA,DFW,MFE,12.18
AA,PHX,SFO,12.13
AA,DFW,CLE,12.11
AA,JAX,DFW,12.07
AA,ORD,MIA,12.07
AA,RDU,ORD,11.99
AA,JFK,SAN,11.96
AA,DFW,TUL,11.93
AA,JFK,AUS,11.92
AA,ORD,SLC,11.89
AA,PSP,PHX,11.87
AA,CLT,STT,11.87
AA,MIA,IAH,11.84
AA,ORD,MSP,11.82
AA,DFW,GSP,11.8
AA,DFW,AMA,11.79
AA,BWI,DFW,11.79
AA,EWR,ORD,11.77
AA,MIA,MSP,11.77
AA,MIA,IAD,11.76
AA,ATL,LGA,11.69
AA,MIA,DFW,11.69
AA,ORD,COS,11.65
AA,DFW,PHX,11.64
AA,MIA,SDF,11.6
AA,DFW,COS,11.58
AA,IAD,DFW,11.53
AA,DFW,IAH,11.51
AA,DFW,MSY,11.5
AA,DFW,ORD,11.48
AA,ORD,SJC,11.47
AA,JFK,SAT,11.39
AA,DFW,DEN,11.37
AA,DFW,SLC,11.36
AA,LGA,ATL,11.36
AA,PIT,DCA,11.32
AA,DFW,OMA,11.32
AA,ORD,XNA,11.29
AA,DFW,PHL,11.28
AA,PHL,DEN,11.26
AA,CLT,JFK,11.24
AA,CVG,DFW,11.21
AA,PHL,LGA,11.15
AA,JFK,LAS,11.15
AA,DFW,PDX,11.13
AA,SDF,LAX,11.12
AA,ORD,TUL,11.12
AA,JFK,MSP,11.1
AA,LGA,CMH,11
AA,DFW,XNA,10.97
AA,MIA,LAS,10.96
AA,ORD,LAS,10.94
AA,DFW,CMH,10.91
AA,ORD,SEA,10.91
AA,DFW,BOS,10.87
AA,DFW,BZN,10.86
AA,ORD,SAN,10.83
AA,IAH,MIA,10.8
AA,LAX,IAH,10.75
AA,DFW,TPA,10.75
AA,ORD,LAX,10.74
AA,DFW,SDF,10.73
AA,DFW,RNO,10.7
AA,CLT,MLB,10.69
AA,VPS,DFW,10.69
AA,JFK,TUS,10.67
AA,PHL,SAN,10.67
AA,IAH,DFW,10.67
AA,OKC,CLT,10.65
AA,DFW,FAT,10.63
AA,ORD,DEN,10.62
AA,DSM,DFW,10.6
AA,CLT,MIA,10.59
AA,DFW,FLL,10.54
AA,CLT,SEA,10.53
AA,DFW,PIT,10.53
AA,DFW,LAS,10.52
AA,ORF,ORD,10.48
AA,MCO,DCA,10.47
AA,DFW,MKE,10.46
AA,DEN,ORD,10.46
AA,SFO,JFK,10.45
AA,DFW,SAT,10.44
AA,DFW,ONT,10.43
AA,DEN,DFW,10.41
AA,COS,DFW,10.41
AA,DFW,SAN,10.36
AA,IAH,LAX,10.34
AA,DFW,OAK,10.33
AA,GSP,DFW,10.33
AA,MIA,ATL,10.33
AA,CMH,PHL,10.31
AA,MIA,SJU,10.28
AA,DFW,ATL,10.28
AA,DFW,ELP,10.26
AA,SFO,DFW,10.22
AA,MIA,BOS,10.22
AA,DFW,TUS,10.22
AA,DFW,ABQ,10.22
AA,DFW,MTJ,10.22
AA,DFW,OKC,10.21
AA,GRR,DFW,10.21
AA,DFW,RIC,10.2
AA,MIA,LGA,10.17
AA,RDU,DFW,10.13
AA,ORD,LGA,10.13
AA,DFW,DTW,10.08
AA,DFW,BWI,10.04
AA,CLT,ORD,10.01
AA,CLT,SLC,9.93
AA,MIA,MCO,9.93
AA,EGE,LGA,9.92
AA,RNO,ORD,9.91
AA,DFW,AUS,9.86
AA,DFW,MCI,9.85
AA,DFW,SJC,9.84
AA,DFW,SJU,9.83
AA,LAS,MIA,9.81
AA,DFW,STL,9.8
AA,DFW,RDU,9.78
AA,SLC,ORD,9.77
AA,DFW,HDN,9.77
AA,ORD,BOS,9.74
AA,MCO,MIA,9.74
AA,MCO,DFW,9.69
AA,MEM,DFW,9.67
AA,DFW,IAD,9.66
AA,DFW,DAY,9.65
AA,MIA,CLT,9.64
AA,MIA,ORD,9.63
AA,BNA,DFW,9.62
AA,AUS,PHL,9.62
AA,PHL,MEM,9.61
AA,PBI,ORD,9.54
AA,ELP,ORD,9.5
AA,CLT,LAS,9.49
AA,CLT,PDX,9.37
AA,JFK,MCO,9.34
AA,MIA,DTW,9.34
AA,DFW,PSP,9.28
AA,PHL,BOS,9.27
AA,DFW,RSW,9.24
AA,DFW,LGA,9.16
AA,BZN,DFW,9.15
AA,DTW,PHL,9.14
AA,DFW,BNA,9.13
AA,RDU,MIA,9.1
AA,CLT,BOS,9.1
AA,ORD,MCO,9.08
AA,PHL,LAS,9.07
AA,BUF,DFW,9.06
AA,LAS,JFK,9.02
AA,MSP,ORD,9
AA,DFW,BDL,8.94
AA,SJU,PHL,8.93
AA,MSY,DFW,8.9
AA,CLT,MCO,8.89
AA,JFK,SFO,8.85
AA,IND,DFW,8.85
AA,ELP,DFW,8.84
AA,LAX,HNL,8.84
AA,IAH,ORD,8.81
AA,LAS,LAX,8.81
AA,CLE,DFW,8.8
AA,MCO,ORD,8.78
AA,LAX,STL,8.78
AA,LAX,CMH,8.75
AA,MIA,BWI,8.73
AA,STL,DFW,8.69
AA,SAV,DFW,8.69
AA,LIH,LAX,8.66
AA,DFW,CLT,8.66
AA,ORD,PHL,8.63
AA,MCO,PHL,8.57
AA,SFO,MIA,8.57
AA,DFW,PBI,8.57
AA,MIA,STX,8.56
AA,DCA,LGA,8.56
AA,FAT,DFW,8.52
AA,DFW,GEG,8.51
AA,LAX,IND,8.5
AA,LAS,DCA,8.5
AA,DTW,ORD,8.5
AA,MIA,TPA,8.49
AA,IAD,MIA,8.46
AA,PNS,DFW,8.44
AA,MIA,RDU,8.35
AA,ORD,AUS,8.32
AA,ORD,DTW,8.31
AA,RIC,DFW,8.3
AA,MTJ,ORD,8.3
AA,ORD,DCA,8.3
AA,DFW,LAX,8.26
AA,ORD,PSP,8.24
AA,SAT,ORD,8.22
AA,MCO,JFK,8.19
AA,CLT,LGA,8.18
AA,PHX,PDX,8.16
AA,OMA,DFW,8.13
AA,LAX,SAT,8.12
AA,MCO,LAX,8.1
AA,PHL,STT,8.09
AA,MIA,LAX,8.09
AA,ABQ,PHX,8.06
AA,SEA,DFW,8.05
AA,TUS,JFK,8.05
AA,MIA,STT,8.03
AA,JFK,BOS,8.01
AA,LAX,SDF,8.01
AA,MIA,PHX,7.99
AA,DFW,DCA,7.98
AA,TPA,PHL,7.97
AA,PHL,MIA,7.97
AA,DEN,MIA,7.95
AA,RDU,LAX,7.94
AA,DFW,MSP,7.94
AA,PHL,MCO,7.92
AA,PHL,CLE,7.89
AA,MFE,DFW,7.88
AA,EWR,PHX,7.87
AA,MIA,SAN,7.87
AA,ORD,PHX,7.85
AA,KOA,LAX,7.82
AA,PDX,CLT,7.81
AA,ORD,FLL,7.8
AA,JFK,PIT,7.8
AA,ICT,DFW,7.76
AA,SFO,ORD,7.76
AA,BOS,PHL,7.75
AA,CMH,DFW,7.72
AA,ATL,DFW,7.71
AA,MIA,DCA,7.7
AA,IAD,CLT,7.69
AA,PHX,SEA,7.67
AA,PHX,JFK,7.65
AA,EWR,MIA,7.64
AA,LGA,RDU,7.63
AA,DTW,DFW,7.63
AA,PHL,PIT,7.63
AA,PHL,DTW,7.63
AA,PSP,DFW,7.61
AA,LAX,MIA,7.61
AA,CLT,STL,7.6
AA,CLT,SAN,7.59
AA,CLT,DFW,7.48
AA,LAX,PHX,7.47
AA,DEN,PHX,7.43
AA,LAX,LIH,7.43
AA,AUS,ORD,7.42
AA,IAH,PHL,7.41
AA,TPA,DFW,7.39
AA,SFO,PHX,7.38
AA,DFW,BOI,7.38
AA,MCO,CLT,7.36
AA,CHS,DFW,7.32
AA,MKE,DFW,7.3
AA,CLT,SYR,7.28
AA,TPA,MIA,7.28
AA,SAT,DFW,7.27
AA,MSY,ORD,7.26
AA,LAX,LAS,7.26
AA,TYS,DFW,7.23
AA,SYR,ORD,7.23
AA,ORD,PBI,7.21
AA,PHX,HNL,7.19
AA,KOA,DFW,7.17
AA,CLT,PHL,7.17
AA,PHL,DFW,7.16
AA,CLT,RIC,7.12
AA,JFK,DFW,7.1
AA,CLT,PBI,7.1
AA,CLT,BWI,7.08
AA,LAX,OGG,7.08
AA,PHL,TPA,7.06
AA,DAY,DFW,7.04
AA,CLT,PVD,7.02
AA,STL,MIA,7.01
AA,CLT,SAV,7.01
AA,PHL,FLL,6.99
AA,LAX,MCI,6.95
AA,FLL,DFW,6.94
AA,BOS,LGA,6.87
AA,CLT,IAH,6.86
AA,PHL,BTV,6.85
AA,ORF,DFW,6.83
AA,LAS,DFW,6.82
AA,CLT,BDL,6.77
AA,BUF,MIA,6.76
AA,CAE,DFW,6.75
AA,BOS,JFK,6.74
AA,CLT,PHX,6.73
AA,CLT,FLL,6.71
AA,ORD,RSW,6.69
AA,CLT,TPA,6.66
AA,MCO,PHX,6.64
AA,ORD,MTJ,6.6
AA,LAS,ORD,6.59
AA,ATL,MIA,6.58
AA,CLE,PHL,6.58
AA,CLT,DEN,6.56
AA,PHL,ORD,6.55
AA,LAX,ANC,6.53
AA,LAX,DFW,6.53
AA,SEA,ORD,6.47
AA,PHX,BOS,6.47
AA,BWI,MIA,6.47
AA,LAX,RDU,6.44
AA,LGA,DCA,6.44
AA,CLT,SAT,6.4
AA,IAD,LAX,6.39
AA,PHL,BDL,6.38
AA,PHX,DFW,6.37
AA,DFW,SBA,6.36
AA,RNO,DFW,6.32
AA,DCA,PHX,6.32
AA,STT,CLT,6.3
AA,ABQ,DFW,6.29
AA,SAN,ORD,6.29
AA,BTV,PHL,6.27
AA,LGA,BOS,6.26
AA,TUL,DFW,6.26
AA,CRP,DFW,6.25
AA,PHX,DEN,6.22
AA,SAV,CLT,6.22
AA,BOS,PHX,6.21
AA,PHX,MCO,6.21
AA,GEG,DFW,6.2
AA,TPA,ORD,6.17
AA,CLT,TUS,6.15
AA,ORD,SNA,6.14
AA,CLT,AUS,6.13
AA,PHL,LAX,6.12
AA,SMF,DFW,6.09
AA,PHX,OGG,6.09
AA,BDL,ORD,6.09
AA,OKC,DFW,6.09
AA,ORD,CLT,6.07
AA,RSW,DFW,6.03
AA,DCA,MSY,6.03
AA,PHL,PHX,6.02
AA,CLT,BNA,6.02
AA,AUS,PHX,6.01
AA,CLT,MSP,6.01
AA,PHL,BNA,5.98
AA,AUS,DFW,5.97
AA,MSP,PHX,5.92
AA,CLT,BUF,5.92
AA,SLC,MIA,5.91
AA,SAN,DFW,5.9
AA,PHL,CHS,5.89
AA,PDX,PHX,5.88
AA,ANC,LAX,5.88
AA,CLT,DCA,5.88
AA,PIT,DFW,5.85
AA,DCA,BOS,5.84
AA,SEA,LAX,5.84
AA,CLT,RDU,5.84
AA,CLT,SRQ,5.83
AA,CMH,PHX,5.81
AA,ORD,CMH,5.79
AA,MCI,DFW,5.79
AA,LGA,MSP,5.77
AA,CLT,OMA,5.76
AA,BOS,ORD,5.76
AA,DCA,TPA,5.74
AA,CLT,PWM,5.72
AA,LAX,PHL,5.69
AA,ATL,ORD,5.69
AA,TUS,CLT,5.68
AA,PDX,ORD,5.68
AA,MIA,DEN,5.64
AA,DFW,SNA,5.64
AA,PHL,ATL,5.62
AA,PHL,RDU,5.57
AA,FLL,ORD,5.57
AA,PHL,SAT,5.56
AA,TUS,DFW,5.56
AA,CLT,MSY,5.55
AA,CLT,JAX,5.55
AA,BNA,MIA,5.53
AA,RSW,PHL,5.52
AA,LAX,CLT,5.44
AA,BWI,ORD,5.43
AA,SLC,DFW,5.41
AA,LAX,ORD,5.37
AA,BNA,ORD,5.36
AA,PIT,LGA,5.32
AA,DCA,DFW,5.32
AA,PSP,ORD,5.32
AA,DEN,LAX,5.31
AA,DCA,PHL,5.3
AA,EWR,DFW,5.3
AA,DCA,ORD,5.29
AA,TUS,ORD,5.29
AA,PHX,LAX,5.29
AA,PHX,TPA,5.29
AA,RSW,ORD,5.28
AA,MSP,DFW,5.28
AA,CLT,PIT,5.28
AA,PHL,PVD,5.26
AA,CLT,IAD,5.25
AA,PHX,OKC,5.25
AA,JFK,DCA,5.24
AA,PHX,ORD,5.24
AA,RDU,CLT,5.22
AA,SJU,ORD,5.21
AA,CLT,MEM,5.21
AA,PHL,PBI,5.21
AA,PWM,DCA,5.21
AA,RDU,PHL,5.18
AA,HNL,DFW,5.17
AA,CLT,CMH,5.17
AA,JFK,PHX,5.16
AA,PHX,LAS,5.15
AA,CLT,LAX,5.14
AA,CLT,RSW,5.14
AA,LAX,ATL,5.14
AA,PHL,CLT,5.12
AA,SJC,CLT,5.1
AA,CLT,ALB,5.1
AA,LAX,SEA,5.03
AA,LGA,ORD,5.02
AA,CLT,CHS,5.01
AA,LAX,MCO,4.99
AA,ATL,PHX,4.99
AA,DFW,CRP,4.99
AA,PHX,FAT,4.98
AA,SAN,JFK,4.95
AA,CLT,ORF,4.94
AA,BDL,DFW,4.93
AA,PHX,BUR,4.92
AA,LAX,JFK,4.91
AA,PHX,LIH,4.91
AA,PHL,MSP,4.9
AA,PHX,SMF,4.88
AA,SJU,JFK,4.86
AA,PHL,RSW,4.85
AA,EWR,CLT,4.83
AA,ATL,PHL,4.81
AA,LAX,SMF,4.77
AA,JFK,CLT,4.77
AA,SEA,PHX,4.75
AA,JFK,MIA,4.74
AA,CLT,IND,4.72
AA,PHL,MHT,4.72
AA,DFW,HOU,4.7
AA,DCA,MCO,4.69
AA,AUS,MIA,4.69
AA,FLL,PHL,4.68
AA,SEA,PHL,4.65
AA,STL,ORD,4.64
AA,IND,ORD,4.64
AA,MKE,CLT,4.6
AA,SAN,PHX,4.6
AA,CMH,LGA,4.59
AA,SJU,MIA,4.59
AA,DEN,CLT,4.57
AA,LAX,DEN,4.56
AA,SAT,PHX,4.56
AA,PHX,ONT,4.55
AA,MIA,MCI,4.54
AA,STL,PHX,4.53
AA,DEN,JFK,4.49
AA,BNA,PHL,4.45
AA,GRR,CLT,4.45
AA,SRQ,CLT,4.42
AA,STL,LAX,4.42
AA,SEA,MIA,4.41
AA,PHL,STL,4.39
AA,CLT,ROC,4.39
AA,PDX,DFW,4.38
AA,PHL,AUS,4.37
AA,SBA,DFW,4.34
AA,IND,PHX,4.34
AA,PHL,IAH,4.33
AA,CLT,ATL,4.32
AA,SDF,CLT,4.26
AA,CLT,DTW,4.25
AA,LAS,PHL,4.25
AA,LAS,PHX,4.25
AA,PHX,MEM,4.23
AA,PHX,SAN,4.22
AA,SNA,DFW,4.19
AA,CLT,MYR,4.19
AA,AUS,JFK,4.18
AA,PHL,JAX,4.17
AA,LAX,KOA,4.07
AA,LAX,AUS,4.07
AA,SJC,DFW,4.05
AA,SJC,ORD,4.04
AA,CLT,ILM,4.03
AA,DCA,MIA,4.03
AA,PHL,PWM,4.02
AA,FLL,CLT,4.01
AA,ATL,LAX,3.98
AA,IAH,CLT,3.95
AA,BOI,DFW,3.95
AA,CMH,CLT,3.95
AA,PIT,PHL,3.92
AA,PHX,MSP,3.9
AA,PBI,PHL,3.88
AA,PHL,DCA,3.82
AA,DEN,PHL,3.79
AA,TPA,CLT,3.79
AA,SNA,PHX,3.75
AA,ONT,DFW,3.74
AA,ATL,DCA,3.72
AA,BOS,CLT,3.71
AA,SNA,ORD,3.7
AA,CLT,STX,3.68
AA,TPA,PHX,3.68
AA,CLT,SDF,3.66
AA,PHX,PHL,3.65
AA,AUS,CLT,3.63
AA,STT,PHL,3.62
AA,PHX,SLC,3.6
AA,PHX,GEG,3.59
AA,PHL,MCI,3.55
AA,LGA,DFW,3.53
AA,BOS,MIA,3.53
AA,SLC,PHX,3.51
AA,SMF,PHX,3.51
AA,IND,CLT,3.5
AA,PHX,MKE,3.46
AA,PHX,MIA,3.46
AA,BNA,LAX,3.45
AA,IND,PHL,3.43
AA,ABQ,ORD,3.43
AA,PBI,DFW,3.41
AA,PHX,IAH,3.41
AA,MIA,EGE,3.39
AA,PHX,KOA,3.38
AA,CLT,SJU,3.35
AA,PHX,BWI,3.35
AA,LAX,BNA,3.34
AA,MSY,PHL,3.32
AA,LAX,MSP,3.3
AA,CLT,MCI,3.3
AA,MEM,CLT,3.26
AA,PHX,DTW,3.22
AA,DTW,MIA,3.22
AA,MSP,MIA,3.2
AA,ORD,SJU,3.18
AA,PHX,RNO,3.18
AA,LAS,CLT,3.18
AA,LAX,BOS,3.16
AA,DCA,LAX,3.15
AA,CHS,CLT,3.15
AA,AMA,DFW,3.14
AA,STT,MIA,3.13
AA,PHX,SNA,3.05
AA,MSP,PHL,2.98
AA,LGA,MIA,2.94
AA,STL,CLT,2.94
AA,PHX,OAK,2.93
AA,SMF,ORD,2.92
AA,PHL,MSY,2.91
AA,DCA,ATL,2.91
AA,PHX,DCA,2.89
AA,BOS,DFW,2.87
AA,DCA,JAX,2.87
AA,LGA,CLT,2.85
AA,BWI,CLT,2.85
AA,PWM,PHL,2.83
AA,TUL,MIA,2.82
AA,BOS,DCA,2.82
AA,PHL,IND,2.79
AA,LAX,BDL,2.73
AA,PIT,ORD,2.72
AA,SFO,PHL,2.71
AA,SMF,CLT,2.71
AA,CLT,MDT,2.68
AA,PHX,STL,2.63
AA,LAX,IAD,2.63
AA,CLT,CLE,2.61
AA,SFO,CLT,2.61
AA,FLL,DCA,2.6
AA,BOS,IAH,2.6
AA,MCI,ORD,2.56
AA,HOU,DFW,2.55
AA,HNL,LAX,2.55
AA,PHX,PSP,2.51
AA,BWI,PHX,2.5
AA,MSY,MIA,2.48
AA,MSY,CLT,2.47
AA,MSP,CLT,2.41
AA,PHX,SAT,2.36
AA,AUS,LAX,2.36
AA,STL,PHL,2.36
AA,MHT,PHL,2.33
AA,SAT,CLT,2.31
AA,BNA,CLT,2.3
AA,SAN,CLT,2.3
AA,DCA,CLT,2.23
AA,BUF,CLT,2.22
AA,LAX,MSY,2.17
AA,RIC,CLT,2.16
AA,PHX,SJC,2.15
AA,PBI,DCA,2.13
AA,JAX,ORD,2.13
AA,MKE,PHX,2.07
AA,MLB,CLT,2.07
AA,TPA,DCA,2.07
AA,SAN,MIA,2.06
AA,CLT,GRR,2.04
AA,JAX,CLT,2.01
AA,OKC,PHX,2.01
AA,OGG,LAX,1.99
AA,IND,LAX,1.99
AA,DTW,PHX,1.99
AA,ATL,CLT,1.98
AA,SEA,JFK,1.97
AA,TUS,PHX,1.92
AA,BDL,DCA,1.9
AA,PHX,ATL,1.89
AA,IAH,PHX,1.88
AA,DCA,PBI,1.86
AA,CLT,MHT,1.86
AA,ILM,CLT,1.82
AA,PBI,CLT,1.8
AA,PHX,BOI,1.75
AA,DCA,FLL,1.75
AA,LGA,PHL,1.71
AA,PHX,MCI,1.71
AA,OGG,DFW,1.69
AA,DTW,CLT,1.65
AA,BOI,PHX,1.63
AA,PHL,CMH,1.6
AA,FAT,PHX,1.58
AA,RNO,PHX,1.52
AA,GSO,DFW,1.5
AA,SJU,CLT,1.35
AA,JAX,MIA,1.33
AA,SLC,CLT,1.32
AA,SAT,PHL,1.25
AA,TUL,CLT,1.24
AA,HNL,PHX,1.2
AA,PHX,CLT,1.17
AA,SJC,PHX,1.15
AA,LAX,DCA,1.13
AA,ORF,CLT,1.13
AA,PVD,PHL,1.06
AA,MSY,DCA,0.96
AA,PHX,AUS,0.9
AA,PHX,IND,0.87
AA,SYR,CLT,0.82
AA,SAT,LAX,0.77
AA,MCI,PHL,0.74
AA,BOS,LAX,0.68
AA,PIT,CLT,0.67
AA,PIT,PHX,0.62
AA,DSM,PHX,0.6
AA,BDL,CLT,0.56
AA,SAT,MIA,0.52
AA,RSW,CLT,0.5
AA,LAX,TUS,0.48
AA,PHX,PIT,0.47
AA,CLT,GSO,0.41
AA,CMH,LAX,0.28
AA,SAN,PHL,0.24
AA,DFW,MYR,0.23
AA,DFW,BHM,0.2
AA,SEA,CLT,0.17
AA,MSY,LAX,0.17
AA,TUL,ORD,0.12
AA,JFK,LAX,-0.09
AA,STX,CLT,-0.11
AA,MEM,PHX,-0.15
AA,PIT,LAX,-0.2
AA,MCI,CLT,-0.2
AA,GEG,PHX,-0.2
AA,PHX,ABQ,-0.2
AA,ROC,CLT,-0.2
AA,BDL,PHL,-0.21
AA,PVD,MIA,-0.23
AA,TUS,LAX,-0.29
AA,CLT,OKC,-0.31
AA,SLC,PHL,-0.32
AA,MCI,PHX,-0.33
AA,PHX,CMH,-0.39
AA,OAK,PHX,-0.39
AA,DCA,BNA,-0.4
AA,SMF,LAX,-0.46
AA,MSP,LAX,-0.48
AA,MDT,CLT,-0.5
AA,BUF,PHL,-0.53
AA,PHX,DSM,-0.54
AA,XNA,ORD,-0.58
AA,BDL,LAX,-0.66
AA,PHX,OMA,-0.72
AA,OGG,PHX,-0.86
AA,PVD,CLT,-0.99
AA,LGA,MCO,-1
AA,JFK,PHL,-1
AA,BOS,MSP,-1
AA,ILM,PHL,-1.06
AA,PWM,CLT,-1.08
AA,OMA,CLT,-1.12
AA,PHX,TUS,-1.25
AA,GSO,CLT,-1.28
AA,STX,MIA,-1.28
AA,BUR,PHX,-1.33
AA,ONT,PHX,-1.41
AA,DCA,LAS,-1.43
AA,ALB,CLT,-1.73
AA,MYR,CLT,-1.87
AA,PNS,CLT,-1.99
AA,RSW,DCA,-2.05
AA,CLT,PNS,-2.05
AA,MEM,PHL,-2.08
AA,JAC,LGA,-2.11
AA,SJU,DFW,-2.12
AA,DCA,RSW,-2.14
AA,JAX,PHL,-2.16
AA,MCI,LAX,-2.17
AA,LGA,BNA,-2.2
AA,DAB,CLT,-2.23
AA,LGA,PIT,-2.32
AA,ORD,CLE,-2.4
AA,CLE,CLT,-2.52
AA,OMA,LAX,-2.52
AA,OMA,PHX,-2.61
AA,BDL,MIA,-2.72
AA,RDU,DCA,-2.77
AA,MSP,BOS,-2.8
AA,MCI,MIA,-2.8
AA,PHX,RDU,-2.95
AA,LAX,OMA,-2.95
AA,LIH,PHX,-3.24
AA,PHX,SBA,-3.34
AA,LGA,JAC,-3.63
AA,PHX,JAC,-3.71
AA,IAH,BOS,-4.4
AA,MHT,CLT,-4.84
AA,CLT,MTJ,-5.33
AA,SAT,JFK,-5.36
AA,JAC,PHX,-5.36
AA,ORF,MIA,-5.79
AA,CHS,PHL,-6.18
AA,CLE,ORD,-6.2
AA,CLT,DAB,-6.23
AA,CLT,MKE,-6.6
AA,RIC,PHL,-6.8
AA,KOA,PHX,-6.96
AA,PIT,JFK,-7
AA,SBA,PHX,-7.07
AA,HNL,ORD,-7.24
AA,PHX,GRR,-7.27
AA,LAX,MSN,-7.3
AA,GRR,PHX,-9.14
AA,MCI,DCA,-9.6
AA,PHL,ILM,-9.66
AA,DFW,MSN,-10.4
AA,JAX,DCA,-10.51
AA,DCA,PWM,-10.78
AA,BNA,DCA,-11.2
AA,PHL,MKE,-12.4
AA,JFK,ATL,-13
AA,ATL,JFK,-13.58
AA,MSN,LAX,-14.1
AA,MTJ,CLT,-14.43
AA,MKE,PHL,-15.8
AA,SJC,GSP,-15.8
AA,MSN,DFW,-16.1
AA,PVD,DCA,-17.2
AA,GSP,ORD,-19.8
AA,PHL,JFK,-20
AA,BHM,DFW,-22.9
AA,MSP,JFK,-23.35
AA,SJC,BHM,-24.6
AA,DCA,BTV,0
AA,OKC,SJC,0
AA,BTV,DCA,0
DL,LGA,LEX,290.2
DL,CMH,LGA,131.3
DL,LGA,IND,119.6
DL,SMF,SEA,96.46
DL,JFK,RDU,81.7
DL,DTW,DAY,77.2
DL,RDU,JFK,75.05
DL,MCO,CMH,70.3
DL,JFK,CVG,68.6
DL,OKC,DTW,63.03
DL,MYR,LGA,61.41
DL,LAS,OAK,60.7
DL,LGA,PWM,58.72
DL,OAK,LAS,51.67
DL,IND,LGA,50.8
DL,SBN,LGA,50.24
DL,JAC,JFK,49.24
DL,CVG,ORD,45.8
DL,AUS,LAS,42.64
DL,JFK,DFW,42.62
DL,SJC,SEA,41.03
DL,IAH,LGA,40.01
DL,ORD,LGA,36.02
DL,LAS,MCO,35.82
DL,MDW,DTW,35.05
DL,JAC,LAX,33.3
DL,MIA,BOS,32.81
DL,BGR,JFK,31.86
DL,RDU,BDL,31.8
DL,SYR,LGA,31.6
DL,DFW,LGA,31.4
DL,LGA,ORD,29.05
DL,PDX,LAS,28.47
DL,CLT,LGA,26.93
DL,LEX,DTW,26.8
DL,GEG,LAX,26.51
DL,GRR,LGA,26.5
DL,BOS,CHS,25.65
DL,LGA,IAH,24.4
DL,HDN,MSP,24.35
DL,MCI,LGA,24.3
DL,SEA,SJC,24.15
DL,MSP,ATW,22.75
DL,BOS,AUS,22.6
DL,OGG,SLC,22.23
DL,PHL,JFK,22.13
DL,JFK,DCA,22.03
DL,LGA,DFW,21.65
DL,CVG,LGA,21.62
DL,LAX,MIA,21.59
DL,MSP,EWR,21.27
DL,RSW,BOS,20.71
DL,DTW,EWR,20.18
DL,MCI,LAS,19.92
DL,SRQ,LGA,19.45
DL,LGA,BOS,19.23
DL,PBI,JFK,19.2
DL,ATL,EWR,18.88
DL,MCO,IND,18.61
DL,SLC,OGG,18.46
DL,RDU,MSN,18.27
DL,CHS,BOS,18.15
DL,BOS,LGA,18.04
DL,JFK,BOS,18.03
DL,BOS,JFK,17.97
DL,MCO,JFK,17.96
DL,BOS,SDF,17.93
DL,LAS,AUS,17.72
DL,RNO,ATL,17.46
DL,LAX,PHX,16.9
DL,FAR,ATL,16.86
DL,FLL,BOS,16.76
DL,LAS,PDX,16.71
DL,BOS,MIA,16.63
DL,MSY,SEA,16.24
DL,LGA,BUF,15.9
DL,DTW,BGR,15.8
DL,JFK,SAT,15.69
DL,CLT,JFK,15.05
DL,BZN,LGA,14.99
DL,MIA,JFK,14.96
DL,FLL,JFK,14.88
DL,DTW,JFK,14.87
DL,SLC,RAP,14.8
DL,RDU,BOS,14.68
DL,PBI,BOS,14.26
DL,BZN,SEA,14.23
DL,AUS,JFK,14.12
DL,BZN,DTW,13.85
DL,SEA,MSN,13.8
DL,MIA,LGA,13.68
DL,OAK,ATL,13.58
DL,ATL,MSO,13.56
DL,SLC,EWR,13.51
DL,PBI,LGA,13.43
DL,BUF,BOS,13.4
DL,DEN,LGA,13.23
DL,EGE,ATL,13.19
DL,MSN,BNA,13
DL,KOA,SEA,12.96
DL,LAX,GEG,12.89
DL,SEA,MKE,12.83
DL,MSY,LGA,12.74
DL,TUS,SEA,12.72
DL,LAX,SMF,12.71
DL,ATL,JFK,12.59
DL,EWR,SLC,12.35
DL,TPA,JFK,12.32
DL,SAV,JFK,12.26
DL,TPA,LGA,12.21
DL,BOS,LAX,12.09
DL,LAS,BOS,11.96
DL,ANC,PDX,11.87
DL,HNL,JFK,11.62
DL,PBI,MSP,11.53
DL,SJC,LAS,11.48
DL,DFW,DTW,11.4
DL,ORD,MSP,11.29
DL,CHS,JFK,11.27
DL,ATL,OAK,11.23
DL,TVC,LGA,11.11
DL,SEA,SFO,11.1
DL,CVG,BOS,11.1
DL,EWR,ATL,11.08
DL,BOS,RSW,11.04
DL,ANC,ATL,10.91
DL,FAI,MSP,10.91
DL,HSV,DFW,10.8
DL,MCO,LGA,10.56
DL,SMF,LAX,10.55
DL,JFK,PHL,10.41
DL,SLC,SFO,10.34
DL,LAX,SFO,10.32
DL,ATL,LGA,10.31
DL,RSW,LGA,10.28
DL,SFO,SEA,10.26
DL,LIH,LAX,10.25
DL,ATL,COS,10.25
DL,MSP,ROC,10.2
DL,ORD,ATL,10.02
DL,ATL,BOS,9.97
DL,MIA,LAX,9.96
DL,FCA,ATL,9.95
DL,IAH,SLC,9.94
DL,SNA,JFK,9.91
DL,LAX,JFK,9.82
DL,DTW,LGA,9.82
DL,MSN,RDU,9.73
DL,ATL,SFO,9.66
DL,CVG,DCA,9.63
DL,MCO,BOS,9.59
DL,SLC,ANC,9.54
DL,SEA,BZN,9.23
DL,SFO,BOS,9.22
DL,FLL,LGA,9.21
DL,DTW,DFW,9.16
DL,MSO,ATL,9.15
DL,LGA,TVC,9.08
DL,LAX,TPA,9.04
DL,DTW,BOS,9
DL,JFK,MSP,8.96
DL,JFK,JAC,8.94
DL,TPA,BOS,8.93
DL,JFK,LAX,8.9
DL,SLC,CMH,8.78
DL,KOA,LAX,8.67
DL,MSY,MSP,8.62
DL,MSP,SFO,8.55
DL,JFK,SFO,8.51
DL,JFK,MCO,8.47
DL,SNA,DTW,8.44
DL,PHX,SEA,8.41
DL,LAX,SAN,8.4
DL,JFK,FLL,8.38
DL,ATL,ORD,8.36
DL,PWM,ATL,8.32
DL,DFW,LAX,8.3
DL,ATL,ECP,8.3
DL,JFK,ATL,8.17
DL,BOS,CVG,8.16
DL,SLC,HNL,8.09
DL,ATL,TVC,8.04
DL,RDU,LGA,8.03
DL,MSP,OKC,7.95
DL,JAX,JFK,7.92
DL,CVG,JFK,7.9
DL,FAR,MSP,7.87
DL,MSP,LGA,7.86
DL,HPN,ATL,7.84
DL,ATL,LAX,7.79
DL,JFK,MSY,7.78
DL,ORD,DTW,7.7
DL,SJC,LAX,7.66
DL,BOS,MCO,7.65
DL,IAH,ATL,7.59
DL,SEA,JFK,7.48
DL,LAX,JAC,7.4
DL,JFK,MIA,7.37
DL,DTW,PHL,7.33
DL,LGA,TPA,7.32
DL,DTW,ALB,7.3
DL,MCO,LAX,7.27
DL,LAX,BNA,7.25
DL,MDW,MSP,7.21
DL,BOS,SFO,7.13
DL,EWR,DTW,7.07
DL,SEA,SMF,7.06
DL,DAL,ATL,7.03
DL,DTW,ORD,7.03
DL,LGA,ATL,7.01
DL,LGA,FLL,7
DL,JFK,PDX,6.99
DL,LGA,RSW,6.97
DL,SFO,JFK,6.97
DL,MSP,ORD,6.97
DL,LAX,MEM,6.94
DL,LAX,MCO,6.94
DL,DTW,TVC,6.93
DL,GNV,ATL,6.9
DL,LAS,SNA,6.8
DL,LGA,DEN,6.8
DL,MIA,MCO,6.78
DL,SFO,LAX,6.75
DL,MSP,MDW,6.73
DL,DTW,BZN,6.73
DL,SLC,IAH,6.71
DL,BUR,ATL,6.69
DL,OAK,LAX,6.62
DL,SFO,SLC,6.62
DL,DFW,ATL,6.61
DL,RDU,MCO,6.58
DL,LAX,ATL,6.49
DL,DTW,SFO,6.43
DL,RDU,ATL,6.4
DL,LAX,RDU,6.38
DL,SEA,ORD,6.37
DL,ATL,DFW,6.33
DL,LAS,SJC,6.32
DL,PHX,LAX,6.3
DL,BOS,MSP,6.29
DL,ATL,HPN,6.28
DL,MSP,FAR,6.27
DL,MSY,LAX,6.25
DL,LAX,LAS,6.24
DL,DFW,JFK,6.24
DL,LGA,MCO,6.22
DL,LGA,DTW,6.17
DL,LAX,CVG,6.16
DL,ATL,MCO,6.16
DL,FLL,RDU,6.11
DL,BOS,PBI,6.04
DL,DCA,LAX,6.03
DL,MIA,ATL,6
DL,STL,LGA,6
DL,DLH,MSP,5.96
DL,MSP,GTF,5.96
DL,ATL,DCA,5.94
DL,LAS,FLL,5.93
DL,DTW,SJU,5.92
DL,JFK,TPA,5.88
DL,BWI,DTW,5.84
DL,AGS,ATL,5.78
DL,DCA,SLC,5.78
DL,ATL,ROA,5.78
DL,ATL,MIA,5.76
DL,SLC,ORD,5.71
DL,SEA,FLL,5.69
DL,XNA,MSP,5.65
DL,MSP,RAP,5.64
DL,MCO,RDU,5.64
DL,SLC,ABQ,5.64
DL,ATL,AVL,5.63
DL,MKE,SLC,5.63
DL,ORD,SLC,5.62
DL,IAH,MSP,5.62
DL,CMH,LAS,5.6
DL,SAT,LAX,5.6
DL,MSP,JFK,5.58
DL,LGA,MSP,5.57
DL,LAX,MSY,5.57
DL,ATL,TPA,5.56
DL,FSD,ATL,5.55
DL,ATL,PHL,5.55
DL,BOS,DTW,5.55
DL,MSP,BIS,5.53
DL,ATL,EVV,5.52
DL,STX,ATL,5.49
DL,LGA,PBI,5.38
DL,DTW,DCA,5.36
DL,RDU,LAX,5.36
DL,OGG,LAX,5.32
DL,MSY,JFK,5.3
DL,BOS,ATL,5.29
DL,PHL,SLC,5.29
DL,SAN,JFK,5.29
DL,ATL,ILM,5.29
DL,JFK,SEA,5.28
DL,ATL,ANC,5.24
DL,MSP,ALB,5.24
DL,AUS,LAX,5.22
DL,ATL,CRW,5.21
DL,DFW,SLC,5.2
DL,SEA,KOA,5.11
DL,PWM,LGA,5.1
DL,JFK,PIT,5.09
DL,SAV,BOS,5.08
DL,BOS,RDU,5.07
DL,HDN,ATL,5.06
DL,ATL,IAH,5.05
DL,SLC,JFK,5.05
DL,JFK,PHX,5.03
DL,BOS,TPA,5.01
DL,SEA,OGG,5.01
DL,ORD,SEA,5
DL,DTW,LAX,4.98
DL,LAX,OAK,4.95
DL,SEA,TUS,4.95
DL,MCO,LAS,4.91
DL,PBI,DTW,4.88
DL,SFO,HNL,4.88
DL,DTW,PIT,4.87
DL,DCA,ATL,4.86
DL,BTV,ATL,4.79
DL,ATL,FLL,4.78
DL,MIA,MSP,4.75
DL,LAX,HNL,4.72
DL,ATL,FCA,4.7
DL,ATL,AGS,4.7
DL,ATL,TRI,4.69
DL,SEA,GEG,4.64
DL,LAX,SLC,4.62
DL,PHX,JFK,4.62
DL,ATL,SJU,4.62
DL,RIC,MSP,4.6
DL,DEN,JFK,4.58
DL,DTW,LEX,4.57
DL,ATL,RDU,4.54
DL,BOS,SLC,4.52
DL,SAN,LAX,4.52
DL,ATL,MOB,4.5
DL,MSP,BOS,4.49
DL,DTW,PWM,4.49
DL,DTW,CMH,4.48
DL,BWI,MSP,4.44
DL,ATL,BNA,4.38
DL,ATL,CHO,4.37
DL,MSP,LAX,4.37
DL,BWI,ATL,4.37
DL,ATL,PBI,4.36
DL,SNA,ATL,4.31
DL,JFK,DEN,4.28
DL,SLC,DFW,4.28
DL,AUS,ATL,4.25
DL,DEN,LAX,4.24
DL,ATL,FSD,4.23
DL,LAS,JFK,4.22
DL,DEN,MSP,4.21
DL,BGR,DTW,4.19
DL,ATL,DAB,4.18
DL,ATL,BWI,4.16
DL,DTW,BUF,4.15
DL,CMH,LAX,4.15
DL,LAS,SAN,4.13
DL,ATL,GSP,4.11
DL,ATL,BZN,4.11
DL,SLC,OMA,4.11
DL,LAS,LAX,4.08
DL,BNA,SLC,4.07
DL,ATL,PVD,4.05
DL,BOS,SEA,4.02
DL,MSP,CID,4
DL,ATL,SLC,4
DL,ATL,STX,3.98
DL,SLC,LAX,3.98
DL,PHL,MSP,3.96
DL,LGA,RDU,3.95
DL,ATL,JAX,3.95
DL,FLL,ATL,3.94
DL,DCA,DTW,3.92
DL,BOS,LAS,3.87
DL,ATL,DTW,3.87
DL,LGA,MKE,3.87
DL,ATL,STL,3.86
DL,DTW,OKC,3.85
DL,FLL,CVG,3.81
DL,MCO,CVG,3.8
DL,FAY,ATL,3.79
DL,ATL,MEM,3.79
DL,ATL,AUS,3.78
DL,DEN,ATL,3.78
DL,ATL,ROC,3.77
DL,MSP,IAD,3.77
DL,BOS,FLL,3.76
DL,MSP,HDN,3.73
DL,MCO,ATL,3.72
DL,ATL,MHT,3.72
DL,ATL,JAC,3.7
DL,TPA,MSP,3.69
DL,SLC,CLE,3.69
DL,ATL,SRQ,3.69
DL,SEA,LAX,3.66
DL,OGG,SEA,3.65
DL,ATL,MSY,3.65
DL,LAX,DFW,3.65
DL,TPA,ATL,3.65
DL,SFO,ATL,3.65
DL,BUF,ATL,3.65
DL,ATL,CHA,3.64
DL,DTW,CLE,3.64
DL,ATL,GNV,3.63
DL,JAX,MSP,3.61
DL,SEA,BOS,3.61
DL,RDU,IND,3.6
DL,ATL,PWM,3.6
DL,ATL,BTV,3.59
DL,RDU,MSP,3.59
DL,ATL,FAY,3.57
DL,SYR,ATL,3.56
DL,MSP,GRB,3.56
DL,CLE,ATL,3.55
DL,DAB,ATL,3.53
DL,ATL,CLE,3.5
DL,ATL,RSW,3.48
DL,BIS,MSP,3.48
DL,JAC,MSP,3.46
DL,JFK,SJU,3.45
DL,MSP,FAI,3.44
DL,ATL,MSP,3.43
DL,ATL,BHM,3.43
DL,BHM,ATL,3.42
DL,ATL,BUR,3.42
DL,JFK,CLT,3.41
DL,LGA,MIA,3.4
DL,PHX,CVG,3.37
DL,MSP,PHL,3.35
DL,ATL,FAR,3.34
DL,SLC,JAC,3.34
DL,ECP,ATL,3.34
DL,PHL,DTW,3.33
DL,SEA,BNA,3.32
DL,LAX,SJC,3.32
DL,BNA,LAX,3.3
DL,ATL,ORF,3.3
DL,SMF,MSP,3.3
DL,PDX,LAX,3.29
DL,SJC,DTW,3.29
DL,LAX,SEA,3.28
DL,ATL,RIC,3.22
DL,ORF,ATL,3.21
DL,DTW,ROC,3.2
DL,IAH,DTW,3.19
DL,HOU,ATL,3.19
DL,DCA,JFK,3.18
DL,MIA,DTW,3.16
DL,ATL,TUS,3.15
DL,ATL,PNS,3.13
DL,MSY,ATL,3.13
DL,MSP,SYR,3.13
DL,ATL,GPT,3.11
DL,EWR,MSP,3.09
DL,SEA,FAI,3.08
DL,BUF,JFK,3.07
DL,ATL,VPS,3.06
DL,SNA,SLC,3.06
DL,MSP,MSO,3.05
DL,LGA,BZN,3.04
DL,DTW,GRR,2.99
DL,PSP,ATL,2.98
DL,ATL,DEN,2.98
DL,PVD,ATL,2.97
DL,ATL,SEA,2.97
DL,TUL,DTW,2.96
DL,MSP,MEM,2.95
DL,CVG,MSP,2.95
DL,ROA,ATL,2.93
DL,ATL,PHF,2.93
DL,ATL,CAE,2.92
DL,ATL,PHX,2.91
DL,ATL,BDL,2.91
DL,JFK,SAN,2.91
DL,ATL,STT,2.87
DL,RDU,DTW,2.87
DL,ATL,IAD,2.84
DL,FLL,DTW,2.83
DL,SRQ,ATL,2.83
DL,SEA,HNL,2.83
DL,EYW,ATL,2.82
DL,DCA,MSP,2.82
DL,ATL,HSV,2.81
DL,MCO,SLC,2.81
DL,MSP,BUF,2.8
DL,MCI,LAX,2.8
DL,TPA,LAX,2.78
DL,LAX,BOS,2.74
DL,MSP,BIL,2.74
DL,ATL,CMH,2.73
DL,SEA,AUS,2.72
DL,JFK,SLC,2.71
DL,LAX,MCI,2.7
DL,LAX,AUS,2.69
DL,VPS,ATL,2.68
DL,MSY,SLC,2.68
DL,ATL,SAV,2.66
DL,ABE,ATL,2.65
DL,PHX,SLC,2.65
DL,SEA,PHX,2.64
DL,DTW,BWI,2.63
DL,LAX,BZN,2.62
DL,SLC,MSO,2.62
DL,ATL,SYR,2.61
DL,ATL,IND,2.61
DL,BUF,LGA,2.6
DL,TUS,MSP,2.59
DL,ATL,HDN,2.55
DL,ATL,TLH,2.54
DL,JFK,JAX,2.54
DL,ATL,TYS,2.52
DL,ATL,JAN,2.52
DL,MSP,FSD,2.51
DL,ATL,OMA,2.5
DL,BZN,ATL,2.49
DL,DTW,ATL,2.48
DL,PBI,ATL,2.46
DL,DTW,MDT,2.43
DL,SLC,ATL,2.41
DL,ATL,LFT,2.41
DL,AGS,LGA,2.4
DL,JAC,SLC,2.4
DL,ATL,CVG,2.4
DL,ATL,DAL,2.39
DL,ATL,CID,2.38
DL,DTW,MCO,2.37
DL,SAT,ATL,2.37
DL,ATL,ONT,2.36
DL,BOS,STT,2.35
DL,TLH,ATL,2.35
DL,DTW,SYR,2.34
DL,RNO,MSP,2.34
DL,DTW,BDL,2.33
DL,JAC,ATL,2.32
DL,ATL,ATW,2.32
DL,ATL,SDF,2.31
DL,SLC,IND,2.31
DL,SLC,SEA,2.3
DL,ATL,XNA,2.29
DL,PHL,ATL,2.29
DL,JFK,AUS,2.28
DL,ATL,CLT,2.28
DL,ATL,MCI,2.27
DL,ATL,GSO,2.27
DL,DTW,MSN,2.25
DL,ATL,LIT,2.24
DL,RDU,SLC,2.24
DL,DEN,CVG,2.23
DL,ATL,AVP,2.23
DL,ATL,SGF,2.23
DL,BUF,MSP,2.23
DL,BOS,SAV,2.2
DL,BNA,ATL,2.2
DL,ICT,ATL,2.19
DL,SLC,ONT,2.19
DL,ATL,SAN,2.18
DL,MSP,SEA,2.17
DL,ATL,SNA,2.17
DL,ATL,CAK,2.16
DL,LAX,DTW,2.15
DL,LAX,MSP,2.15
DL,CLT,ATL,2.14
DL,MCO,DTW,2.11
DL,ATL,BUF,2.11
DL,DTW,CVG,2.11
DL,CVG,DTW,2.11
DL,SEA,DEN,2.1
DL,ATL,MYR,2.09
DL,MSP,DLH,2.09
DL,SLC,SAT,2.08
DL,BTR,ATL,2.07
DL,IND,SEA,2.07
DL,SAN,SEA,2.05
DL,HNL,LAX,2.05
DL,IAD,ATL,2.04
DL,XNA,ATL,2.04
DL,CHA,ATL,2.04
DL,TPA,DTW,2.03
DL,MSP,FCA,2.03
DL,JFK,DTW,2.02
DL,ATL,CHS,2.02
DL,HNL,SEA,2.01
DL,MSP,PIT,1.98
DL,DEN,DTW,1.98
DL,ATL,RNO,1.96
DL,PDX,JFK,1.96
DL,IND,MSP,1.96
DL,FCA,SLC,1.95
DL,MSP,GRR,1.94
DL,DTW,MKE,1.94
DL,ATL,SAT,1.94
DL,LAX,PDX,1.93
DL,MCO,MSP,1.92
DL,TPA,CVG,1.92
DL,FAI,SEA,1.91
DL,MEM,ATL,1.9
DL,DSM,ATL,1.9
DL,LAX,OGG,1.89
DL,MLB,ATL,1.88
DL,RDU,FLL,1.86
DL,FSD,MSP,1.86
DL,MSP,DFW,1.86
DL,IND,ATL,1.79
DL,DTW,IND,1.76
DL,STL,ATL,1.76
DL,CAE,ATL,1.76
DL,ATL,LEX,1.75
DL,DTW,MEM,1.73
DL,DAY,ATL,1.71
DL,ATL,PIT,1.71
DL,DTW,PVD,1.7
DL,PSP,MSP,1.69
DL,ATL,MLB,1.69
DL,DTW,MIA,1.68
DL,AUS,MSP,1.67
DL,SEA,PDX,1.67
DL,SLC,CVG,1.66
DL,SLC,GEG,1.65
DL,TRI,ATL,1.64
DL,SLC,MSP,1.61
DL,SEA,ATL,1.61
DL,OMA,ATL,1.61
DL,MSP,DEN,1.6
DL,MSP,OMA,1.6
DL,GSP,ATL,1.6
DL,SAV,ATL,1.6
DL,MKE,ATL,1.57
DL,SLC,RNO,1.56
DL,ATL,MSN,1.55
DL,ATL,MKE,1.54
DL,DTW,TPA,1.52
DL,CVG,LAX,1.48
DL,BWI,SLC,1.48
DL,ATL,EYW,1.48
DL,ATL,ICT,1.48
DL,RSW,JFK,1.45
DL,ATL,HOU,1.43
DL,IND,LAX,1.39
DL,SLC,MCI,1.39
DL,SAN,SLC,1.38
DL,ATL,SMF,1.37
DL,COS,ATL,1.37
DL,ATL,MDW,1.36
DL,SLC,PIT,1.36
DL,PNS,ATL,1.36
DL,DTW,JAX,1.35
DL,BNA,DTW,1.32
DL,SEA,MSP,1.32
DL,MCI,ATL,1.31
DL,ATL,LAS,1.31
DL,ATL,DAY,1.31
DL,ANC,MSP,1.31
DL,TUL,ATL,1.3
DL,MSP,SMF,1.3
DL,SLC,DEN,1.29
DL,SEA,MCO,1.28
DL,DTW,DEN,1.28
DL,SFO,DTW,1.27
DL,SLC,BIL,1.25
DL,LAS,SLC,1.24
DL,SLC,BZN,1.21
DL,DEN,SEA,1.21
DL,LFT,ATL,1.2
DL,DTW,GSP,1.17
DL,SLC,MCO,1.16
DL,RDU,LAS,1.16
DL,JAX,ATL,1.16
DL,JFK,HNL,1.14
DL,DTW,GRB,1.1
DL,SLC,IAD,1.1
DL,ATL,GRR,1.1
DL,SLC,LAS,1.09
DL,LAS,SEA,1.09
DL,FLL,MSP,1.08
DL,MEM,LAX,1.04
DL,DTW,PHX,1.04
DL,ATL,ALB,1.02
DL,RAP,MSP,1.01
DL,MSP,CLT,1
DL,ATL,OKC,0.99
DL,MDW,ATL,0.98
DL,ATL,FNT,0.96
DL,ROC,ATL,0.94
DL,STL,DTW,0.93
DL,SLC,MKE,0.93
DL,SEA,ANC,0.92
DL,AUS,DTW,0.91
DL,SBN,ATL,0.91
DL,GEG,MSP,0.9
DL,CVG,ATL,0.89
DL,SLC,BOS,0.86
DL,PHF,ATL,0.85
DL,GPT,ATL,0.85
DL,EVV,ATL,0.85
DL,MSP,BWI,0.84
DL,DTW,FLL,0.82
DL,SLC,FCA,0.82
DL,DTW,SLC,0.82
DL,SDF,ATL,0.81
DL,ATL,DSM,0.79
DL,ATL,TUL,0.78
DL,SLC,SMF,0.78
DL,RNO,SLC,0.77
DL,SEA,SLC,0.75
DL,DTW,RDU,0.74
DL,SLC,OAK,0.73
DL,SEA,IAD,0.72
DL,SLC,BOI,0.71
DL,DTW,BNA,0.69
DL,SLC,PDX,0.68
DL,MSP,DCA,0.67
DL,AUS,SLC,0.67
DL,SLC,SAN,0.65
DL,DTW,IAH,0.64
DL,AVP,ATL,0.64
DL,JAN,ATL,0.63
DL,RIC,ATL,0.63
DL,ATL,PDX,0.62
DL,TVC,MSP,0.6
DL,RSW,DTW,0.6
DL,DTW,TYS,0.6
DL,MYR,ATL,0.59
DL,SEA,MSY,0.59
DL,SLC,DCA,0.58
DL,MSP,DTW,0.57
DL,DTW,MSP,0.57
DL,MSP,MSN,0.56
DL,DFW,MSP,0.56
DL,MSP,BZN,0.52
DL,ELP,ATL,0.52
DL,SEA,DTW,0.52
DL,SLC,PHL,0.51
DL,SRQ,DTW,0.51
DL,SLC,STL,0.5
DL,MDT,ATL,0.48
DL,MSP,SJC,0.47
DL,LEX,ATL,0.47
DL,MSP,GEG,0.47
DL,ATL,ELP,0.45
DL,SNA,MSP,0.45
DL,AVL,ATL,0.43
DL,LAX,LIH,0.43
DL,PDX,SEA,0.43
DL,MSP,STL,0.42
DL,SLC,FLL,0.42
DL,MKE,DTW,0.42
DL,MCI,SLC,0.41
DL,SYR,MSP,0.4
DL,LAX,IND,0.4
DL,ATL,SJC,0.39
DL,MSP,PHX,0.39
DL,MSP,MCO,0.38
DL,SJU,DTW,0.36
DL,DTW,ATW,0.36
DL,LAX,CMH,0.31
DL,BZN,LAX,0.31
DL,LAX,KOA,0.3
DL,CHO,ATL,0.3
DL,SLC,BNA,0.28
DL,SJC,SLC,0.26
DL,JFK,LAS,0.26
DL,GRR,ATL,0.26
DL,BDL,MCO,0.22
DL,SLC,MIA,0.22
DL,LGA,MSY,0.21
DL,DTW,SEA,0.19
DL,MSN,ATL,0.18
DL,PIT,ATL,0.17
DL,SLC,MSY,0.16
DL,ATL,ABE,0.14
DL,STL,MSP,0.12
DL,MSP,BDL,0.11
DL,ONT,ATL,0.11
DL,ATL,MDT,0.09
DL,SMF,SLC,0.08
DL,MSO,SLC,0.06
DL,GRR,MSP,0.05
DL,DTW,SAT,0.03
DL,GEG,SLC,0.02
DL,CVG,MCO,-0.02
DL,ATL,EGE,-0.03
DL,LAX,DEN,-0.04
DL,MDT,DTW,-0.05
DL,SLC,PHX,-0.06
DL,BDL,ATL,-0.07
DL,GRR,DTW,-0.08
DL,SJC,ATL,-0.09
DL,MCO,MIA,-0.09
DL,ATL,OAJ,-0.11
DL,DTW,SAN,-0.12
DL,CHS,ATL,-0.13
DL,LAS,ATL,-0.16
DL,MSP,SAN,-0.16
DL,RSW,ATL,-0.16
DL,SLC,AUS,-0.2
DL,MSP,SJU,-0.21
DL,OAK,SLC,-0.22
DL,ATL,SBN,-0.22
DL,CVG,SLC,-0.23
DL,JNU,SEA,-0.24
DL,BOI,MSP,-0.26
DL,SLC,SNA,-0.28
DL,SLC,SJC,-0.28
DL,MSO,MSP,-0.28
DL,FCA,LAX,-0.29
DL,ATL,BMI,-0.32
DL,SDF,MSP,-0.32
DL,SLC,PSC,-0.33
DL,SFO,MSP,-0.34
DL,MSP,SLC,-0.34
DL,CMH,ATL,-0.38
DL,MCI,MSP,-0.4
DL,IND,JFK,-0.4
DL,SEA,RDU,-0.4
DL,SLC,CLT,-0.42
DL,SMF,ATL,-0.42
DL,MSP,BOI,-0.44
DL,SDF,DTW,-0.44
DL,RSW,MSP,-0.45
DL,LIT,ATL,-0.47
DL,PWM,DTW,-0.48
DL,HNL,SFO,-0.49
DL,MSP,MIA,-0.49
DL,RSW,CVG,-0.51
DL,FLL,SEA,-0.51
DL,ATL,ABQ,-0.52
DL,PHX,ATL,-0.52
DL,ABQ,ATL,-0.53
DL,SEA,IND,-0.56
DL,SLC,DTW,-0.57
DL,CVG,TPA,-0.58
DL,CLT,DTW,-0.6
DL,FCA,MSP,-0.6
DL,CRW,ATL,-0.62
DL,MSP,CLE,-0.62
DL,MSP,PBI,-0.64
DL,MSP,LAS,-0.65
DL,IND,MCO,-0.66
DL,PVD,DTW,-0.68
DL,LAS,MSP,-0.69
DL,MSP,PDX,-0.71
DL,MSP,MCI,-0.71
DL,BZN,SLC,-0.72
DL,BDL,DTW,-0.76
DL,PDX,MSP,-0.78
DL,LGA,SRQ,-0.78
DL,BOI,SLC,-0.78
DL,MSP,MKE,-0.78
DL,CLE,MSP,-0.79
DL,OKC,ATL,-0.79
DL,MSP,TPA,-0.79
DL,DTW,AUS,-0.8
DL,MSP,ATL,-0.8
DL,PDX,SLC,-0.81
DL,MSP,CMH,-0.82
DL,OMA,SLC,-0.84
DL,CID,ATL,-0.85
DL,DTW,STL,-0.86
DL,MSP,IND,-0.86
DL,MSN,MSP,-0.89
DL,SEA,LAS,-0.89
DL,PIT,MSP,-0.89
DL,TVC,DTW,-0.93
DL,SEA,SAN,-0.93
DL,DTW,MYR,-0.94
DL,GEG,SEA,-0.95
DL,ATL,BTR,-0.97
DL,ALB,ATL,-0.97
DL,DTW,MCI,-0.98
DL,GSO,ATL,-0.99
DL,IND,DTW,-1.01
DL,JFK,BGR,-1.02
DL,BIL,MSP,-1.05
DL,MKE,MSP,-1.05
DL,BZN,MSP,-1.07
DL,BIL,SLC,-1.08
DL,STT,ATL,-1.09
DL,DTW,CLT,-1.09
DL,BTV,LGA,-1.1
DL,HSV,ATL,-1.1
DL,RDU,SEA,-1.12
DL,STT,JFK,-1.14
DL,SLC,BWI,-1.16
DL,IND,RSW,-1.17
DL,MSP,RSW,-1.18
DL,MOB,ATL,-1.19
DL,SLC,TPA,-1.25
DL,DTW,LAS,-1.26
DL,MSP,CVG,-1.26
DL,MCO,SEA,-1.27
DL,SJC,MSP,-1.28
DL,MSP,RDU,-1.3
DL,ILM,ATL,-1.32
DL,ALB,MSP,-1.35
DL,DEN,SLC,-1.37
DL,IAD,MSP,-1.38
DL,SAN,ATL,-1.42
DL,MSP,HNL,-1.43
DL,ATW,ATL,-1.44
DL,DTW,RSW,-1.46
DL,DTW,PBI,-1.46
DL,SJU,JFK,-1.48
DL,MSP,AUS,-1.49
DL,CAK,ATL,-1.49
DL,TUS,ATL,-1.5
DL,ROC,DTW,-1.51
DL,SJC,JFK,-1.53
DL,OMA,MSP,-1.54
DL,MCI,DTW,-1.59
DL,PDX,ATL,-1.61
DL,LAX,FCA,-1.65
DL,FNT,ATL,-1.65
DL,MTJ,ATL,-1.66
DL,AUS,SEA,-1.66
DL,MSP,PSP,-1.67
DL,MSP,JAC,-1.68
DL,SHV,ATL,-1.69
DL,PDX,DTW,-1.7
DL,TYS,ATL,-1.72
DL,ATW,MSP,-1.73
DL,SEA,CVG,-1.75
DL,DTW,SNA,-1.8
DL,DTW,MSY,-1.81
DL,BDL,MSP,-1.85
DL,MSP,ANC,-1.87
DL,SEA,LIH,-1.91
DL,MSY,DTW,-1.92
DL,MHT,ATL,-1.93
DL,SGF,ATL,-1.94
DL,MSP,XNA,-1.96
DL,ATL,GRB,-1.97
DL,SAT,JFK,-1.99
DL,SEA,JNU,-1.99
DL,OAJ,ATL,-2.01
DL,MSP,SNA,-2.01
DL,SFO,CVG,-2.05
DL,CVG,FLL,-2.07
DL,CVG,SFO,-2.08
DL,CVG,DEN,-2.08
DL,DTW,PDX,-2.08
DL,CMH,MSP,-2.12
DL,SAT,MSP,-2.13
DL,ABQ,SLC,-2.13
DL,MSN,SEA,-2.2
DL,MSP,TUS,-2.22
DL,SEA,PSP,-2.27
DL,SAT,SLC,-2.3
DL,GTF,MSP,-2.31
DL,SAN,MSP,-2.31
DL,SJU,ATL,-2.33
DL,CLT,MSP,-2.34
DL,DCA,CVG,-2.38
DL,BOS,BNA,-2.4
DL,LAS,CMH,-2.4
DL,MSP,JAX,-2.4
DL,SLC,RDU,-2.48
DL,MSN,DTW,-2.53
DL,GRB,MSP,-2.57
DL,BUF,DTW,-2.6
DL,CLE,DTW,-2.61
DL,PHX,MSP,-2.66
DL,ROC,MSP,-2.7
DL,CLT,SLC,-2.72
DL,DTW,ORF,-2.73
DL,JFK,CHS,-2.73
DL,CVG,LAS,-2.78
DL,CVG,RSW,-2.8
DL,DTW,OMA,-2.81
DL,MEM,MSP,-2.83
DL,MSP,BNA,-2.86
DL,JFK,SNA,-2.86
DL,LAS,DTW,-2.88
DL,SAN,DTW,-2.89
DL,ATL,PSP,-2.91
DL,JFK,PBI,-2.95
DL,BMI,ATL,-2.95
DL,PSC,SLC,-2.98
DL,SMF,DTW,-3.02
DL,GRB,ATL,-3.02
DL,PSP,SEA,-3.07
DL,ANC,SEA,-3.08
DL,MSP,DSM,-3.11
DL,LGA,MYR,-3.16
DL,PIT,DTW,-3.18
DL,TPA,RDU,-3.21
DL,SYR,DTW,-3.25
DL,MSP,ABQ,-3.26
DL,TYS,DTW,-3.33
DL,CLE,SLC,-3.37
DL,RSW,IND,-3.38
DL,DTW,IAD,-3.4
DL,DFW,FAR,-3.4
DL,MSP,SDF,-3.45
DL,IAD,DTW,-3.51
DL,LAS,RDU,-3.56
DL,ATL,MTJ,-3.63
DL,MSP,FLL,-3.67
DL,MSP,TVC,-3.7
DL,HNL,MSP,-3.82
DL,DTW,SRQ,-3.85
DL,MEM,DTW,-3.86
DL,AUS,BOS,-3.87
DL,STL,SLC,-3.89
DL,RDU,TPA,-3.91
DL,PHX,DTW,-3.92
DL,LGA,CVG,-3.92
DL,PDX,HNL,-3.98
DL,BNA,MSP,-4.1
DL,MCO,BDL,-4.18
DL,ATW,DTW,-4.18
DL,IAD,SEA,-4.34
DL,TVC,ATL,-4.34
DL,SBN,DTW,-4.36
DL,ALB,DTW,-4.39
DL,LAS,BNA,-4.4
DL,PIT,SLC,-4.44
DL,HNL,SLC,-4.48
DL,MKE,LGA,-4.53
DL,CMH,MCO,-4.6
DL,GRB,DTW,-4.6
DL,CVG,SEA,-4.62
DL,MSP,MSY,-4.63
DL,DTW,MDW,-4.7
DL,IND,SLC,-4.7
DL,SNA,LAS,-4.7
DL,JFK,RSW,-4.71
DL,ONT,SLC,-4.8
DL,JFK,SAV,-4.83
DL,BNA,LAS,-4.87
DL,SDF,BOS,-4.9
DL,JFK,STT,-4.9
DL,FLL,SLC,-4.96
DL,CMH,DTW,-4.97
DL,HNL,ATL,-4.97
DL,MSP,SAT,-4.99
DL,CMH,SLC,-5.01
DL,LIH,SEA,-5.02
DL,ABQ,MSP,-5.02
DL,MSP,IAH,-5.04
DL,ATL,HNL,-5.1
DL,BNA,SEA,-5.11
DL,LGA,SDF,-5.18
DL,LAX,SAT,-5.25
DL,SLC,LGB,-5.28
DL,MSP,RNO,-5.3
DL,LAX,DCA,-5.31
DL,SLC,OKC,-5.4
DL,TPA,SLC,-5.41
DL,DTW,SJC,-5.54
DL,GSP,DTW,-5.57
DL,DTW,MHT,-5.58
DL,ANC,SLC,-5.61
DL,ATL,SHV,-5.66
DL,SAT,DTW,-5.79
DL,JAX,DTW,-5.81
DL,MKE,SEA,-5.81
DL,STT,BOS,-5.84
DL,MYR,DTW,-5.87
DL,HNL,PDX,-6.01
DL,JFK,ROC,-6.13
DL,MSN,SLC,-6.16
DL,DTW,SDF,-6.39
DL,JFK,BUF,-6.53
DL,CLE,RDU,-6.6
DL,ORF,DTW,-6.69
DL,OMA,DTW,-6.78
DL,BHM,DFW,-6.8
DL,BOI,SEA,-7
DL,DTW,SAV,-7.2
DL,DSM,MSP,-7.39
DL,SDF,LGA,-7.47
DL,DTW,SMF,-7.62
DL,FLL,LAS,-7.8
DL,MHT,DTW,-7.8
DL,LAS,CVG,-7.89
DL,PIT,JFK,-8.02
DL,OKC,MSP,-8.06
DL,MIA,SLC,-8.09
DL,LGB,SLC,-8.11
DL,OMA,LGA,-8.12
DL,LGA,ROC,-8.2
DL,DTW,BTV,-8.3
DL,DTW,SBN,-8.46
DL,HNL,LAS,-8.55
DL,IAD,SLC,-8.6
DL,BHM,DTW,-8.6
DL,SJU,MSP,-9.31
DL,DFW,HSV,-9.4
DL,PIT,BOS,-9.6
DL,SAN,LAS,-9.7
DL,HNL,DTW,-9.73
DL,ROC,JFK,-9.8
DL,CVG,PHX,-9.83
DL,DTW,CHS,-9.86
DL,MSN,LAX,-10.2
DL,GSO,LGA,-10.2
DL,CAE,LGA,-10.33
DL,BNA,BOS,-10.34
DL,PDX,ANC,-10.48
DL,GSP,LGA,-10.8
DL,LAS,HNL,-10.87
DL,MCO,BNA,-11
DL,SLC,MSN,-11.31
DL,CLE,LGA,-11.4
DL,CHS,DTW,-11.43
DL,GSO,DTW,-11.51
DL,XNA,CVG,-11.6
DL,GRB,MSY,-11.8
DL,SBN,MSP,-12.09
DL,JFK,SJC,-12.27
DL,LAX,MSN,-12.4
DL,LGA,GSP,-12.6
DL,LAS,MCI,-12.77
DL,RDU,BNA,-12.8
DL,DFW,BHM,-12.8
DL,LGA,SBN,-12.8
DL,DTW,RIC,-13
DL,BNA,MCO,-13.2
DL,SYR,JFK,-13.5
DL,MSP,ICT,-13.6
DL,LGA,OMA,-13.8
DL,DTW,HNL,-13.82
DL,MSP,SBN,-14.15
DL,TYS,LGA,-14.2
DL,DTW,BHM,-14.2
DL,DTW,GSO,-15.17
DL,LGA,MCI,-15.25
DL,IAH,CVG,-15.4
DL,SAV,DTW,-15.68
DL,PWM,JFK,-16.2
DL,ICT,MSP,-16.8
DL,LGA,ORF,-17.7
DL,DAY,DTW,-17.8
DL,TYS,MSP,-18.8
DL,LGA,GSO,-19.4
DL,ROC,LGA,-19.9
DL,MSP,TYS,-21.2
DL,FAR,DFW,-21.8
DL,LGA,CMH,-22.2
DL,BNA,MSN,-24.5
DL,CID,MSP,-25.6
DL,SAV,LGA,0
DL,JAX,LGA,0
UA,BHM,SFO,145
UA,AGS,ATL,134
UA,IAH,AGS,128.2
UA,OMA,EWR,117.12
UA,MSP,PVD,85.2
UA,EWR,BWI,76.2
UA,BTR,DCA,73.73
UA,BTV,IAD,65.8
UA,MSP,PHL,62.2
UA,AVL,EWR,56.73
UA,MEM,EWR,51.16
UA,PIT,EWR,47.99
UA,FSD,ORD,47.26
UA,LAX,RNO,45.87
UA,BZN,EWR,45.59
UA,EWR,ANC,45.06
UA,IND,EWR,44.22
UA,IAH,SDF,42.72
UA,EGE,EWR,42.04
UA,JAC,EWR,41.88
UA,EWR,STL,39.26
UA,MSN,BOS,37.8
UA,GSP,SFO,37
UA,SLC,EWR,36.94
UA,IAH,RIC,36.5
UA,BOS,ATL,35.8
UA,EWR,CVG,35.69
UA,SDF,EWR,35.37
UA,OKC,ORD,33.69
UA,EWR,MCI,33.31
UA,ORD,TUL,31.73
UA,ORD,RNO,31.13
UA,SJC,LAS,31.1
UA,DEN,RDM,30.67
UA,PNS,ORD,30.55
UA,CMH,SFO,29.8
UA,TVC,ORD,29.71
UA,EWR,SMF,29.45
UA,MIA,SFO,29.25
UA,DTW,SFO,28.85
UA,JAX,EWR,28.85
UA,EGE,IAD,28.65
UA,SFO,BHM,28.2
UA,TYS,EWR,28.13
UA,LAX,MSY,28.01
UA,EWR,DCA,27.72
UA,EGE,ORD,27.54
UA,COS,DEN,27.52
UA,MSP,BOS,27.5
UA,SDF,IAH,27.43
UA,EWR,IND,27.36
UA,HDN,EWR,27.06
UA,EWR,PVD,26.88
UA,SAV,IAD,26.67
UA,MSP,EWR,26.41
UA,EWR,BQN,26.08
UA,LAS,PHX,25.9
UA,DEN,FAI,25.76
UA,FAI,ORD,25.52
UA,ORD,DLH,25.39
UA,EWR,PWM,25.31
UA,EWR,CLT,25.22
UA,LAS,SMF,25
UA,IAD,MCI,24.83
UA,BQN,EWR,24.32
UA,ANC,IAH,24.02
UA,ORD,TVC,23.27
UA,IAD,MSP,23.25
UA,BOS,MSP,23.2
UA,IAD,PWM,23.16
UA,IAD,EWR,22.96
UA,IAD,PHL,22.91
UA,EWR,BTV,22.81
UA,MYR,ORD,22.48
UA,BGR,ORD,22.29
UA,AUS,EWR,21.86
UA,EWR,MKE,21.84
UA,DCA,EWR,21.76
UA,ATL,EWR,21.72
UA,CLT,EWR,21.16
UA,PBI,EWR,20.63
UA,EWR,ROC,20.43
UA,MSP,IAD,20.42
UA,ORD,EWR,19.85
UA,EWR,MSP,19.74
UA,ANC,EWR,19.62
UA,BNA,EWR,19.23
UA,EWR,PIT,19.22
UA,RNO,ORD,19.01
UA,MSY,EWR,18.86
UA,MYR,EWR,18.85
UA,ORD,PWM,18.55
UA,EWR,PDX,18.44
UA,ORD,FAI,18.26
UA,EWR,BUF,18.2
UA,ATL,LAX,18.12
UA,RSW,EWR,18.12
UA,SJU,EWR,18.05
UA,ORD,RIC,17.96
UA,DFW,EWR,17.9
UA,BNA,ORD,17.76
UA,FLL,EWR,17.72
UA,IAH,CVG,17.71
UA,DEN,EWR,17.63
UA,MIA,EWR,17.59
UA,SFO,SBA,17.58
UA,MCI,EWR,17.56
UA,SRQ,EWR,17.54
UA,ORD,SFO,17.48
UA,ORD,MDT,17.37
UA,EWR,CLE,17.3
UA,SFO,CMH,17.28
UA,EWR,SJC,17.16
UA,EWR,BOS,17.03
UA,TUS,ORD,17.03
UA,ORD,GEG,16.98
UA,RNO,LAX,16.8
UA,IAH,EWR,16.71
UA,BNA,SFO,16.54
UA,ORD,SMF,16.48
UA,TPA,EWR,16.45
UA,PVD,MSP,16.4
UA,PHL,SFO,16.36
UA,MCO,EWR,16.22
UA,SAV,ORD,16.2
UA,FAT,ORD,16.16
UA,ORD,PVD,16.13
UA,EWR,ORD,16.1
UA,IAD,CVG,16.01
UA,MSY,IAD,15.99
UA,DEN,SFO,15.99
UA,MSY,SFO,15.88
UA,ORD,SYR,15.87
UA,IAH,MAF,15.58
UA,EWR,DFW,15.47
UA,CVG,SFO,15.3
UA,EWR,SFO,15.26
UA,EWR,SLC,15.22
UA,FCA,ORD,15.21
UA,DTW,IAD,15.18
UA,EWR,BDL,15.14
UA,PBI,ORD,15.11
UA,ORD,LGA,14.94
UA,STL,ORD,14.92
UA,EWR,BNA,14.9
UA,IAH,ICT,14.86
UA,PSP,SFO,14.7
UA,ORD,FAT,14.67
UA,EWR,SJU,14.57
UA,RDU,EWR,14.45
UA,BGR,EWR,14.3
UA,EWR,IAD,14.26
UA,EWR,RDU,14.26
UA,DTW,EWR,14.23
UA,ORD,CID,13.86
UA,EWR,PBI,13.84
UA,EGE,IAH,13.82
UA,SFO,OMA,13.81
UA,EUG,SFO,13.72
UA,DEN,BUR,13.71
UA,BOS,EWR,13.71
UA,ORD,BUF,13.71
UA,IAD,HNL,13.67
UA,SNA,SFO,13.65
UA,EWR,SEA,13.51
UA,TUL,ORD,13.5
UA,EWR,MIA,13.47
UA,SFO,MCI,13.41
UA,ABQ,ORD,13.38
UA,EWR,MSY,13.36
UA,EWR,FLL,13.29
UA,ATL,SFO,13.23
UA,ORD,ICT,13.21
UA,LAS,SJC,13.2
UA,ORD,GRR,13.17
UA,IAH,SFO,13.12
UA,SFO,BOS,13.02
UA,ORD,ALB,12.98
UA,PWM,IAD,12.96
UA,SFO,FAT,12.94
UA,PWM,ORD,12.89
UA,SFO,RNO,12.73
UA,SFO,ORD,12.71
UA,SFO,EWR,12.69
UA,PIT,SFO,12.68
UA,BTR,IAH,12.6
UA,EWR,AVL,12.6
UA,IAH,TUL,12.59
UA,AUS,SFO,12.57
UA,IAD,PDX,12.55
UA,SAN,SFO,12.51
UA,EWR,SAV,12.48
UA,BNA,IAD,12.44
UA,FAI,DEN,12.4
UA,STL,SFO,12.39
UA,RDU,ORD,12.35
UA,ORD,BTV,12.31
UA,IAH,HNL,12.3
UA,ORD,JAC,12.19
UA,ORD,LAX,12.19
UA,JAC,SFO,12.18
UA,JAC,ORD,12.08
UA,IAD,PHX,12.01
UA,IAH,STL,12.01
UA,SFO,TPA,12
UA,SFO,GSP,12
UA,DEN,HDN,12
UA,IAD,DFW,11.98
UA,ORD,BOS,11.98
UA,EWR,LAX,11.95
UA,PSP,ORD,11.92
UA,IAH,PIT,11.9
UA,LAS,SFO,11.87
UA,SFO,IND,11.82
UA,ORD,MCI,11.75
UA,RAP,ORD,11.74
UA,IAH,ANC,11.69
UA,IAH,LGA,11.69
UA,BUR,SFO,11.66
UA,EWR,DEN,11.65
UA,EWR,TPA,11.65
UA,MFR,SFO,11.64
UA,IAD,BNA,11.62
UA,IAD,SMF,11.61
UA,EWR,RSW,11.61
UA,EWR,PHX,11.54
UA,MSY,LAX,11.53
UA,SFO,SMF,11.53
UA,ORD,BDL,11.47
UA,ATL,BOS,11.47
UA,ORD,DSM,11.46
UA,LGA,ORD,11.46
UA,DEN,EGE,11.46
UA,DEN,ORF,11.43
UA,DEN,JAC,11.41
UA,ORD,OGG,11.33
UA,ORD,PHL,11.33
UA,ORD,SEA,11.3
UA,BZN,ORD,11.29
UA,DEN,MSO,11.26
UA,BOS,SFO,11.25
UA,DEN,MFR,11.18
UA,CHS,EWR,11.17
UA,DEN,COS,11.17
UA,CMH,ORD,11.1
UA,ORD,MEM,11.08
UA,ORD,HNL,11.06
UA,DFW,IAD,11.04
UA,SRQ,ORD,11.03
UA,ORD,MSN,11.01
UA,SLC,ORD,11
UA,PHX,SFO,10.94
UA,DEN,FCA,10.82
UA,ORD,SJC,10.76
UA,ORD,ROC,10.75
UA,EWR,MCO,10.73
UA,ORD,EGE,10.73
UA,BOS,ORD,10.71
UA,EWR,LAS,10.62
UA,MCI,IAD,10.6
UA,IAH,OMA,10.6
UA,SFO,HNL,10.59
UA,OGG,ORD,10.57
UA,EWR,PSP,10.57
UA,ORD,DFW,10.56
UA,BTV,ORD,10.54
UA,DLH,ORD,10.49
UA,MAF,IAH,10.49
UA,MDT,ORD,10.46
UA,ALB,ORD,10.43
UA,ELP,IAH,10.43
UA,ORD,ANC,10.42
UA,SFO,DTW,10.42
UA,EWR,IAH,10.37
UA,STT,ORD,10.32
UA,EWR,SAT,10.31
UA,EWR,ORF,10.29
UA,SFO,FAI,10.28
UA,IAH,RDU,10.26
UA,ORD,BZN,10.14
UA,SFO,OGG,10.09
UA,IAD,SAV,10.08
UA,SFO,SEA,10.05
UA,MSN,ORD,10.04
UA,MSP,SFO,10
UA,EWR,AUS,9.97
UA,ORD,IAD,9.91
UA,GEG,SFO,9.9
UA,RDU,SFO,9.86
UA,ORD,CLT,9.83
UA,RIC,IAD,9.8
UA,IAH,CLE,9.77
UA,IAD,JAX,9.74
UA,LAS,EWR,9.73
UA,SFO,STL,9.72
UA,OKC,IAH,9.72
UA,PHX,EWR,9.64
UA,ORD,SDF,9.63
UA,PIT,IAH,9.62
UA,PSP,IAH,9.61
UA,IAH,BOS,9.58
UA,EWR,SAN,9.52
UA,ORD,OMA,9.5
UA,SYR,ORD,9.49
UA,SFO,FLL,9.42
UA,IAD,EGE,9.31
UA,SFO,RDU,9.31
UA,DEN,EUG,9.3
UA,CID,ORD,9.29
UA,IAD,BOS,9.28
UA,ORD,SAT,9.19
UA,IAD,IND,9.17
UA,DEN,HNL,9.15
UA,ORD,BWI,9.09
UA,CVG,IAD,9.08
UA,RNO,IAH,9.07
UA,IAH,SLC,9.05
UA,IAH,JAX,9
UA,HDN,ORD,8.97
UA,SFO,BDL,8.93
UA,SFO,MCO,8.84
UA,SFO,PHL,8.82
UA,SAV,IAH,8.81
UA,SFO,LAX,8.79
UA,PDX,SFO,8.75
UA,IAH,CLT,8.72
UA,IAD,PIT,8.68
UA,JAC,IAH,8.67
UA,ORD,DTW,8.66
UA,BUF,ORD,8.64
UA,BWI,SFO,8.63
UA,SEA,EWR,8.61
UA,ORF,ORD,8.57
UA,SEA,SFO,8.56
UA,PSP,EWR,8.55
UA,ORD,CLE,8.51
UA,DEN,LGA,8.5
UA,ORD,DEN,8.45
UA,IAH,IAD,8.41
UA,CID,DEN,8.39
UA,SFO,MFR,8.35
UA,ORF,IAD,8.32
UA,HDN,IAD,8.27
UA,ORD,MCO,8.26
UA,LAX,EWR,8.25
UA,EWR,OMA,8.25
UA,IAH,CRP,8.25
UA,ORD,AUS,8.23
UA,SFO,PHX,8.23
UA,ORD,IAH,8.18
UA,SFO,DEN,8.15
UA,ORD,DCA,8.1
UA,ROC,ORD,8.09
UA,ORD,MSP,8.08
UA,IAH,MEM,8.04
UA,MKE,EWR,8.04
UA,ORD,LAS,8.03
UA,MSP,ORD,8
UA,IAH,MCI,7.97
UA,DEN,LIH,7.95
UA,IAD,MSY,7.95
UA,IAH,PHL,7.93
UA,MIA,ORD,7.9
UA,BOS,IAD,7.88
UA,IAH,TUS,7.83
UA,IAH,ORD,7.83
UA,SFO,EUG,7.81
UA,EWR,JAX,7.8
UA,IAD,SFO,7.76
UA,IAH,BHM,7.73
UA,DEN,ORD,7.71
UA,DEN,ABQ,7.7
UA,SFO,ONT,7.69
UA,ELP,DEN,7.63
UA,HNL,IAD,7.63
UA,IND,SFO,7.62
UA,ORD,ORF,7.62
UA,CLE,EWR,7.61
UA,ORD,CVG,7.59
UA,ORD,PHX,7.59
UA,IAD,DTW,7.56
UA,SFO,DCA,7.51
UA,JAX,ORD,7.49
UA,DEN,LAX,7.43
UA,ICT,IAH,7.43
UA,EWR,EGE,7.43
UA,SFO,LAS,7.41
UA,EWR,CHS,7.38
UA,IAD,ORD,7.36
UA,DFW,ORD,7.33
UA,SFO,CLE,7.32
UA,MSP,IAH,7.32
UA,SFO,MSP,7.32
UA,MKE,ORD,7.31
UA,IAH,JAC,7.3
UA,IAD,FLL,7.28
UA,SFO,CVG,7.27
UA,DSM,ORD,7.25
UA,ANC,SFO,7.24
UA,SFO,ATL,7.22
UA,SFO,PDX,7.19
UA,RDU,IAH,7.06
UA,DEN,CID,7.06
UA,EWR,HDN,7.05
UA,DFW,SFO,7
UA,DEN,SEA,6.99
UA,IAH,MSP,6.97
UA,SFO,GEG,6.95
UA,IAD,CLE,6.93
UA,PHL,ORD,6.91
UA,SAN,EWR,6.9
UA,EWR,ATL,6.9
UA,DEN,GRR,6.89
UA,SFO,IAH,6.89
UA,SDF,IAD,6.87
UA,SFO,DFW,6.84
UA,SJU,ORD,6.8
UA,SFO,BOI,6.8
UA,IAH,SEA,6.76
UA,ORD,PDX,6.75
UA,DCA,DEN,6.72
UA,ORD,STL,6.7
UA,EWR,HNL,6.68
UA,IAH,MIA,6.68
UA,DEN,OGG,6.66
UA,IAH,BWI,6.64
UA,IAH,CHS,6.63
UA,MCI,ORD,6.63
UA,IAH,SAT,6.63
UA,IND,ORD,6.62
UA,SDF,LAX,6.6
UA,DEN,BDL,6.54
UA,MCO,IAD,6.54
UA,IAD,SDF,6.53
UA,LIH,SFO,6.52
UA,RSW,ORD,6.52
UA,SFO,AUS,6.51
UA,SEA,ORD,6.5
UA,SFO,LIH,6.5
UA,ANC,ORD,6.44
UA,IAH,CMH,6.4
UA,ORD,CHS,6.4
UA,LAX,SFO,6.39
UA,SFO,BUR,6.39
UA,CLT,DEN,6.38
UA,PWM,EWR,6.38
UA,SFO,SLC,6.38
UA,BZN,SFO,6.32
UA,IAH,FLL,6.32
UA,SMF,EWR,6.3
UA,ORD,MYR,6.29
UA,ORD,MIA,6.29
UA,IAD,IAH,6.29
UA,ATL,ORD,6.28
UA,IAH,DFW,6.28
UA,STL,DEN,6.26
UA,DEN,RNO,6.23
UA,BOS,IAH,6.22
UA,BDL,ORD,6.22
UA,IAH,LAX,6.15
UA,SAT,IAD,6.12
UA,MCO,ORD,6.07
UA,PHL,IAH,6.07
UA,OGG,SFO,6.06
UA,IAH,ORF,6.05
UA,MSN,EWR,6.04
UA,LAX,ORD,6.01
UA,BOS,LAX,5.99
UA,ORD,BNA,5.97
UA,ORD,TPA,5.94
UA,HNL,SFO,5.93
UA,SFO,BNA,5.89
UA,ORD,FLL,5.88
UA,ORD,IND,5.87
UA,RNO,SFO,5.86
UA,DEN,MTJ,5.85
UA,IAD,HDN,5.85
UA,EWR,BZN,5.82
UA,IAD,ORF,5.81
UA,ORD,CMH,5.79
UA,MCO,SFO,5.79
UA,ORD,SLC,5.76
UA,SFO,IAD,5.74
UA,ANC,DEN,5.72
UA,ORD,RDU,5.7
UA,IAH,RSW,5.69
UA,ORD,TUS,5.62
UA,ORD,MKE,5.59
UA,SAV,EWR,5.58
UA,PIT,ORD,5.57
UA,DEN,BIL,5.5
UA,DEN,PHL,5.49
UA,ROC,EWR,5.47
UA,IAH,MCO,5.46
UA,SFO,SAN,5.45
UA,IAD,BDL,5.44
UA,IAH,ELP,5.43
UA,CLE,IAD,5.42
UA,IAH,AUS,5.42
UA,ORD,PIT,5.4
UA,LGA,IAH,5.39
UA,MSO,DEN,5.33
UA,BNA,IAH,5.33
UA,DEN,SAT,5.32
UA,IAH,DCA,5.31
UA,SFO,BWI,5.3
UA,MCO,IAH,5.28
UA,CHS,ORD,5.28
UA,GRR,ORD,5.27
UA,IAH,TPA,5.21
UA,IAH,PHX,5.19
UA,IAH,MSY,5.19
UA,SFO,PSP,5.17
UA,IAH,EGE,5.16
UA,ORD,SAN,5.15
UA,ORD,MSY,5.14
UA,MIA,IAH,5.14
UA,DEN,BOI,5.11
UA,ORD,PNS,5.1
UA,DFW,IAH,5.1
UA,IAH,BNA,5.08
UA,ORD,ABQ,5.06
UA,SBA,SFO,5.05
UA,AUS,IAH,5.03
UA,DEN,JAX,5.01
UA,PWM,DEN,4.95
UA,CVG,ORD,4.89
UA,IAH,SMF,4.85
UA,GUM,HNL,4.85
UA,IAH,PDX,4.8
UA,DEN,DCA,4.76
UA,MCO,LAX,4.75
UA,ORF,EWR,4.74
UA,DEN,GEG,4.7
UA,OMA,ORD,4.69
UA,SLC,SFO,4.68
UA,JAC,DEN,4.67
UA,FSD,DEN,4.64
UA,IAH,DEN,4.57
UA,ORD,SNA,4.55
UA,ITO,LAX,4.54
UA,BDL,SFO,4.52
UA,DEN,BOS,4.51
UA,ORD,SAV,4.49
UA,HNL,LAX,4.49
UA,DEN,BZN,4.46
UA,DEN,DSM,4.43
UA,DEN,MIA,4.42
UA,RIC,ORD,4.36
UA,LAS,ORD,4.36
UA,SFO,MIA,4.33
UA,FCA,DEN,4.32
UA,ORF,DEN,4.28
UA,CLE,SFO,4.28
UA,SMF,ORD,4.27
UA,LAX,HNL,4.26
UA,SFO,KOA,4.25
UA,DEN,SMF,4.2
UA,BWI,ORD,4.18
UA,DEN,ONT,4.14
UA,DEN,TUL,4.12
UA,EWR,DTW,4.11
UA,TPA,ORD,4.1
UA,SJC,EWR,4.09
UA,DEN,ANC,4.07
UA,DEN,IAH,4.05
UA,CLE,ORD,4.01
UA,RDM,DEN,4
UA,MSY,ORD,3.98
UA,TPA,IAD,3.98
UA,SFO,ANC,3.95
UA,ORD,JAX,3.94
UA,FLL,ORD,3.89
UA,DEN,KOA,3.88
UA,DEN,MSN,3.84
UA,PHL,DEN,3.84
UA,DEN,MEM,3.81
UA,IAH,LAS,3.81
UA,DCA,ORD,3.78
UA,MCO,DEN,3.78
UA,HNL,GUM,3.78
UA,DEN,BWI,3.76
UA,CVG,IAH,3.76
UA,IAH,SAN,3.72
UA,IAH,MFE,3.72
UA,FLL,DEN,3.71
UA,DEN,OKC,3.69
UA,DEN,PHX,3.69
UA,IAH,ATL,3.68
UA,ORD,SJU,3.67
UA,DEN,ICT,3.65
UA,BWI,IAH,3.63
UA,ORD,FCA,3.62
UA,IAD,SEA,3.61
UA,IAD,SAT,3.6
UA,IAD,TPA,3.6
UA,IAH,RNO,3.59
UA,ORD,RSW,3.59
UA,DEN,OMA,3.56
UA,DEN,LAS,3.53
UA,SJC,ORD,3.52
UA,ORD,STT,3.52
UA,SFO,BZN,3.5
UA,IAH,DTW,3.49
UA,SFO,SNA,3.44
UA,DEN,DTW,3.36
UA,SFO,MSY,3.36
UA,TPA,IAH,3.32
UA,DEN,CMH,3.29
UA,IAD,MCO,3.28
UA,IAH,SNA,3.27
UA,CVG,EWR,3.25
UA,IAH,IND,3.24
UA,DEN,DFW,3.22
UA,MIA,DEN,3.21
UA,DEN,CVG,3.21
UA,IAH,SJU,3.2
UA,BOS,DEN,3.18
UA,IAH,PSP,3.18
UA,CLT,ORD,3.17
UA,ORF,IAH,3.17
UA,IAD,CHS,3.13
UA,PHX,ORD,3.12
UA,ORD,ATL,3.07
UA,DEN,PDX,3.05
UA,BTV,EWR,3.04
UA,RIC,DEN,3.03
UA,DEN,MCO,3.02
UA,DCA,SFO,3.01
UA,MSY,IAH,3
UA,DEN,MCI,2.98
UA,BTV,DEN,2.95
UA,ORD,PSP,2.94
UA,IAH,SAV,2.92
UA,SFO,PIT,2.9
UA,DEN,PSP,2.86
UA,IAD,LAS,2.83
UA,CLE,PHX,2.8
UA,SEA,IAD,2.8
UA,DEN,TPA,2.74
UA,LAX,DEN,2.72
UA,HNL,EWR,2.72
UA,LGA,DEN,2.71
UA,SJU,IAH,2.68
UA,LAX,BOS,2.66
UA,AUS,ORD,2.65
UA,DEN,IAD,2.65
UA,IAD,ATL,2.64
UA,PDX,EWR,2.61
UA,EGE,DEN,2.54
UA,EWR,STT,2.52
UA,DEN,SJC,2.49
UA,ORD,SRQ,2.47
UA,OGG,DEN,2.47
UA,IAD,STT,2.46
UA,SAT,IAH,2.45
UA,DEN,FSD,2.45
UA,MEM,IAH,2.41
UA,DEN,ATL,2.41
UA,CLE,IAH,2.4
UA,DTW,ORD,2.4
UA,DEN,RDU,2.39
UA,IAD,SAN,2.38
UA,ATL,IAH,2.36
UA,BUF,EWR,2.35
UA,DEN,SLC,2.33
UA,DEN,AUS,2.32
UA,EWR,TYS,2.28
UA,SEA,DEN,2.28
UA,MSY,DEN,2.27
UA,IAD,RDU,2.27
UA,STL,IAH,2.26
UA,IAH,MTJ,2.24
UA,DEN,SAN,2.23
UA,ORD,PBI,2.09
UA,CLT,IAH,2.09
UA,BDL,IAD,2.08
UA,MEM,ORD,2.02
UA,CMH,IAD,2
UA,PIT,LAS,2
UA,IAH,SJC,1.99
UA,MFR,DEN,1.95
UA,TPA,SFO,1.95
UA,DFW,DEN,1.93
UA,DEN,MSP,1.91
UA,MTJ,ORD,1.89
UA,TUS,IAH,1.89
UA,DEN,PIT,1.89
UA,BUR,DEN,1.86
UA,IAD,LAX,1.84
UA,ATL,IAD,1.84
UA,LAX,SMF,1.78
UA,SJU,IAD,1.77
UA,DEN,FLL,1.77
UA,IAD,SJU,1.65
UA,EWR,JAC,1.64
UA,AUS,DEN,1.63
UA,AUS,IAD,1.63
UA,SEA,IAH,1.62
UA,EWR,MYR,1.6
UA,MSP,DEN,1.54
UA,DSM,DEN,1.53
UA,LAS,IAH,1.51
UA,KOA,SFO,1.5
UA,HDN,IAH,1.47
UA,BWI,LAX,1.45
UA,RDU,DEN,1.44
UA,LAX,ITO,1.43
UA,EWR,SNA,1.42
UA,IAD,DEN,1.42
UA,SPN,GUM,1.39
UA,PDX,ORD,1.37
UA,SNA,ORD,1.28
UA,ABQ,DEN,1.23
UA,LAS,IAD,1.22
UA,DEN,CLT,1.16
UA,DEN,SNA,1.16
UA,DEN,MSY,1.09
UA,OMA,IAH,1.06
UA,SMF,IAH,1.04
UA,DEN,CLE,1.01
UA,IAH,PBI,0.98
UA,LAS,DEN,0.98
UA,CVG,DEN,0.97
UA,FLL,IAH,0.96
UA,LAX,IAH,0.95
UA,SNA,EWR,0.92
UA,STT,IAH,0.9
UA,CLE,LAX,0.88
UA,DTW,IAH,0.88
UA,PHL,IAD,0.87
UA,STT,EWR,0.85
UA,PHX,IAH,0.8
UA,LAX,LAS,0.8
UA,ORD,HDN,0.8
UA,SAN,ORD,0.78
UA,DEN,SBA,0.72
UA,DEN,TUS,0.69
UA,MSN,DEN,0.61
UA,PHX,CLE,0.6
UA,PHX,LAS,0.6
UA,MTJ,EWR,0.57
UA,RDU,IAD,0.47
UA,DEN,IND,0.44
UA,BOS,LAS,0.4
UA,OMA,DEN,0.4
UA,SFO,MSO,0.38
UA,MTJ,DEN,0.36
UA,RNO,DEN,0.34
UA,BOI,SFO,0.32
UA,GEG,ORD,0.32
UA,OKC,DEN,0.24
UA,LAS,LAX,0.24
UA,CMH,DEN,0.12
UA,SAN,IAH,0.08
UA,PVD,ORD,0.07
UA,IND,IAH,0.04
UA,LAX,IAD,-0.04
UA,SLC,IAH,-0.09
UA,TPA,DEN,-0.1
UA,RIC,IAH,-0.1
UA,BWI,DEN,-0.13
UA,JAX,DEN,-0.16
UA,IAH,ABQ,-0.17
UA,SNA,IAH,-0.19
UA,CHS,IAD,-0.25
UA,MCI,SFO,-0.26
UA,MFE,IAH,-0.28
UA,SLC,DEN,-0.29
UA,LAX,SAN,-0.33
UA,TUL,IAH,-0.39
UA,ICT,ORD,-0.41
UA,DEN,BNA,-0.41
UA,ORD,RAP,-0.43
UA,LIH,LAX,-0.43
UA,LAX,DFW,-0.45
UA,SAN,IAD,-0.46
UA,SAT,ORD,-0.48
UA,SAN,DEN,-0.49
UA,BOI,DEN,-0.53
UA,MEM,DEN,-0.55
UA,ATL,DEN,-0.55
UA,MCO,CLE,-0.6
UA,LAX,OGG,-0.6
UA,SNA,DEN,-0.62
UA,TUS,DEN,-0.62
UA,LAX,LIH,-0.62
UA,GRR,DEN,-0.62
UA,IAH,HDN,-0.63
UA,FLL,IAD,-0.63
UA,LAX,CLE,-0.66
UA,GUM,SPN,-0.66
UA,ABQ,IAH,-0.73
UA,OGG,LAX,-0.8
UA,PDX,DEN,-0.81
UA,SBA,DEN,-0.82
UA,PIT,IAD,-0.84
UA,LAX,MCO,-0.85
UA,SFO,SAT,-0.87
UA,DEN,PWM,-0.9
UA,BZN,DEN,-0.96
UA,SAN,LAX,-0.97
UA,IAH,GUC,-1.03
UA,LAX,BWI,-1.04
UA,EWR,MTJ,-1.07
UA,DEN,RSW,-1.09
UA,SJC,IAH,-1.11
UA,ONT,DEN,-1.17
UA,PHX,DEN,-1.23
UA,BIL,DEN,-1.25
UA,PDX,IAH,-1.27
UA,ORD,OKC,-1.39
UA,PIT,DEN,-1.41
UA,SFO,MSN,-1.43
UA,ICT,DEN,-1.44
UA,DCA,IAH,-1.45
UA,AUS,LAX,-1.56
UA,MSN,RDU,-1.6
UA,HNL,IAH,-1.72
UA,EWR,SRQ,-1.73
UA,RSW,CLE,-1.74
UA,ORD,BGR,-1.78
UA,IAD,CLT,-1.83
UA,IND,DEN,-1.91
UA,IAH,MSN,-1.94
UA,PSP,DEN,-1.94
UA,CHS,IAH,-1.95
UA,MCI,DEN,-1.98
UA,FAT,SFO,-1.99
UA,DTW,DEN,-2.01
UA,CRP,IAH,-2.01
UA,HNL,ORD,-2.04
UA,EWR,SDF,-2.07
UA,SJC,DEN,-2.08
UA,SMF,IAD,-2.18
UA,GSP,IAD,-2.2
UA,DEN,MKE,-2.22
UA,SMF,LAX,-2.27
UA,SFO,JAC,-2.3
UA,FLL,SFO,-2.3
UA,BNA,DEN,-2.32
UA,STL,EWR,-2.33
UA,MSP,LAX,-2.37
UA,DCA,BTR,-2.4
UA,IAH,OKC,-2.45
UA,JAX,IAH,-2.47
UA,ORD,MTJ,-2.5
UA,MCI,IAH,-2.51
UA,DEN,STL,-2.58
UA,EWR,BGR,-2.67
UA,CLE,RSW,-2.81
UA,GEG,DEN,-2.87
UA,JAX,IAD,-2.98
UA,STT,IAD,-3.05
UA,EWR,MSN,-3.05
UA,RSW,DEN,-3.09
UA,LAX,SEA,-3.09
UA,CLE,DEN,-3.18
UA,BDL,DEN,-3.19
UA,DEN,RIC,-3.23
UA,PDX,IAD,-3.24
UA,HNL,DEN,-3.25
UA,SFO,SDF,-3.27
UA,KOA,LAX,-3.29
UA,SMF,DEN,-3.29
UA,LAX,KOA,-3.32
UA,PBI,IAH,-3.39
UA,CLE,SJU,-3.41
UA,IAD,AUS,-3.48
UA,ONT,SFO,-3.54
UA,AUS,LAS,-3.6
UA,EWR,RIC,-3.7
UA,TUL,DEN,-3.74
UA,MSO,SFO,-3.78
UA,ORD,FSD,-3.81
UA,FLL,CLE,-3.85
UA,MSN,LAX,-3.93
UA,EUG,DEN,-3.96
UA,DFW,LAX,-4.01
UA,RSW,IAH,-4.02
UA,SDF,SFO,-4.04
UA,BDL,EWR,-4.14
UA,MTJ,IAH,-4.14
UA,CLE,MCO,-4.19
UA,MKE,DEN,-4.27
UA,IAH,STT,-4.3
UA,LAX,MSN,-4.45
UA,IAH,BTR,-4.53
UA,SAT,DEN,-4.55
UA,CMH,IAH,-4.6
UA,PVD,EWR,-4.88
UA,SEA,LAX,-4.89
UA,PHX,LAX,-4.92
UA,MIA,IAD,-4.98
UA,LAX,PHX,-4.98
UA,LGA,MTJ,-5.16
UA,KOA,DEN,-5.24
UA,GUC,IAH,-5.27
UA,PNS,IAH,-5.4
UA,SMF,SFO,-5.41
UA,IAD,MIA,-5.47
UA,CLE,FLL,-5.66
UA,RDU,MSN,-6
UA,OMA,SFO,-6.14
UA,PHX,IAD,-6.14
UA,DEN,SRQ,-6.4
UA,IAD,BTV,-6.5
UA,BHM,IAH,-6.7
UA,LAS,FLL,-6.8
UA,SAT,EWR,-7.07
UA,ORD,BHM,-7.2
UA,PHL,MSP,-7.2
UA,BOS,MSN,-7.3
UA,MSN,SFO,-7.5
UA,SMF,LAS,-8
UA,SYR,IAD,-8
UA,DEN,BTV,-8.03
UA,IND,IAD,-8.05
UA,SDF,ORD,-8.07
UA,LAX,SDF,-8.08
UA,SAT,SFO,-8.23
UA,MSO,ORD,-8.24
UA,IAD,MSN,-8.3
UA,MTJ,LGA,-8.3
UA,SDF,DEN,-8.63
UA,SRQ,DEN,-8.65
UA,BHM,DEN,-9
UA,RIC,EWR,-9
UA,ABQ,SFO,-9.07
UA,SJU,CLE,-9.1
UA,IAH,PNS,-9.2
UA,HDN,DEN,-9.2
UA,MSN,IAH,-9.31
UA,DEN,SDF,-9.46
UA,FLL,LAS,-9.6
UA,SEA,LAS,-9.8
UA,CLT,IAD,-10
UA,ORD,MSO,-10.34
UA,LIH,DEN,-10.59
UA,LAX,AUS,-10.62
UA,BWI,EWR,-10.8
UA,LAS,RDU,-10.8
UA,EWR,MEM,-10.95
UA,LAX,MSP,-11
UA,IAD,CMH,-11
UA,FAI,SFO,-11.11
UA,BOI,ORD,-11.4
UA,LAS,SEA,-11.5
UA,LAS,AUS,-11.6
UA,SFO,TUS,-11.65
UA,IAH,ONT,-12
UA,DEN,ELP,-12.13
UA,PBI,DEN,-12.45
UA,MSN,IAD,-12.6
UA,IAD,GSP,-13
UA,TYS,ORD,-14
UA,IAD,SYR,-15.2
UA,SAT,LAX,-15.27
UA,ORD,TYS,-16.33
UA,RDU,LAS,-16.6
UA,DEN,BHM,-16.8
UA,DEN,PBI,-17.35
UA,LAX,SAT,-18.08
UA,TUS,SFO,-19.1
UA,BOI,LAX,-19.2
UA,BOS,CLE,-20.2
UA,ORD,BOI,-20.5
UA,LAS,PIT,-20.6
UA,LAS,BOS,-21.1
UA,SFO,ABQ,-21.76
UA,EWR,CMH,-21.8
UA,MKE,IAH,-26.8
UA,LAX,ATL,-27.67
UA,EUG,DFW,0
